test,base,strengthened,a100,h100,gh200
iriw_TB_0123_SCOPE_BLOCK_FENCE_SCOPE_BLOCK_BOTH_FENCE,SAT,SAT,not seen,not seen,not seen
iriw_TB_0123_SCOPE_BLOCK_FENCE_SCOPE_BLOCK_THREAD_1_FENCE,SAT,SAT,not seen,not seen,not seen
iriw_TB_0123_SCOPE_BLOCK_FENCE_SCOPE_BLOCK_THREAD_3_FENCE,SAT,SAT,not seen,not seen,not seen
iriw_TB_0123_SCOPE_BLOCK_FENCE_SCOPE_DEVICE_BOTH_FENCE,SAT,SAT,not seen,not seen,not seen
iriw_TB_0123_SCOPE_BLOCK_FENCE_SCOPE_DEVICE_THREAD_1_FENCE,SAT,SAT,not seen,not seen,not seen
iriw_TB_0123_SCOPE_BLOCK_FENCE_SCOPE_DEVICE_THREAD_3_FENCE,SAT,SAT,not seen,not seen,not seen
iriw_TB_0123_SCOPE_BLOCK_NO_FENCE_ACQUIRE,SAT,SAT,not seen,not seen,not seen
iriw_TB_0123_SCOPE_BLOCK_NO_FENCE_RELAXED,SAT,SAT,not seen,not seen,not seen
iriw_TB_0123_SCOPE_DEVICE_FENCE_SCOPE_BLOCK_BOTH_FENCE,SAT,SAT,not seen,not seen,not seen
iriw_TB_0123_SCOPE_DEVICE_FENCE_SCOPE_BLOCK_THREAD_1_FENCE,SAT,SAT,not seen,not seen,not seen
iriw_TB_0123_SCOPE_DEVICE_FENCE_SCOPE_BLOCK_THREAD_3_FENCE,SAT,SAT,not seen,not seen,not seen
iriw_TB_0123_SCOPE_DEVICE_FENCE_SCOPE_DEVICE_BOTH_FENCE,SAT,SAT,not seen,not seen,not seen
iriw_TB_0123_SCOPE_DEVICE_FENCE_SCOPE_DEVICE_THREAD_1_FENCE,SAT,SAT,not seen,not seen,not seen
iriw_TB_0123_SCOPE_DEVICE_FENCE_SCOPE_DEVICE_THREAD_3_FENCE,SAT,SAT,not seen,not seen,not seen
iriw_TB_0123_SCOPE_DEVICE_NO_FENCE_ACQUIRE,SAT,SAT,not seen,not seen,not seen
iriw_TB_0123_SCOPE_DEVICE_NO_FENCE_RELAXED,SAT,SAT,not seen,not seen,not seen
iriw_TB_012_3_SCOPE_BLOCK_FENCE_SCOPE_BLOCK_BOTH_FENCE,SAT,SAT,seen,seen,seen
iriw_TB_012_3_SCOPE_BLOCK_FENCE_SCOPE_BLOCK_THREAD_1_FENCE,SAT,SAT,seen,seen,seen
iriw_TB_012_3_SCOPE_BLOCK_FENCE_SCOPE_BLOCK_THREAD_3_FENCE,SAT,SAT,seen,seen,seen
iriw_TB_012_3_SCOPE_BLOCK_FENCE_SCOPE_DEVICE_BOTH_FENCE,SAT,SAT,not seen,not seen,not seen
iriw_TB_012_3_SCOPE_BLOCK_FENCE_SCOPE_DEVICE_THREAD_1_FENCE,SAT,SAT,seen,seen,not seen
iriw_TB_012_3_SCOPE_BLOCK_FENCE_SCOPE_DEVICE_THREAD_3_FENCE,SAT,SAT,seen,seen,seen
iriw_TB_012_3_SCOPE_BLOCK_NO_FENCE_ACQUIRE,SAT,SAT,seen,seen,seen
iriw_TB_012_3_SCOPE_BLOCK_NO_FENCE_RELAXED,SAT,SAT,seen,seen,seen
iriw_TB_012_3_SCOPE_DEVICE_FENCE_SCOPE_BLOCK_BOTH_FENCE,SAT,SAT,seen,seen,not seen
iriw_TB_012_3_SCOPE_DEVICE_FENCE_SCOPE_BLOCK_THREAD_1_FENCE,SAT,SAT,seen,seen,not seen
iriw_TB_012_3_SCOPE_DEVICE_FENCE_SCOPE_BLOCK_THREAD_3_FENCE,SAT,SAT,seen,seen,not seen
iriw_TB_012_3_SCOPE_DEVICE_FENCE_SCOPE_DEVICE_BOTH_FENCE,SAT,SAT,not seen,not seen,not seen
iriw_TB_012_3_SCOPE_DEVICE_FENCE_SCOPE_DEVICE_THREAD_1_FENCE,SAT,SAT,not seen,not seen,not seen
iriw_TB_012_3_SCOPE_DEVICE_FENCE_SCOPE_DEVICE_THREAD_3_FENCE,SAT,SAT,not seen,not seen,not seen
iriw_TB_012_3_SCOPE_DEVICE_NO_FENCE_ACQUIRE,SAT,SAT,not seen,not seen,not seen
iriw_TB_012_3_SCOPE_DEVICE_NO_FENCE_RELAXED,SAT,SAT,seen,seen,seen
iriw_TB_013_2_SCOPE_BLOCK_FENCE_SCOPE_BLOCK_BOTH_FENCE,SAT,SAT,not seen,not seen,not seen
iriw_TB_013_2_SCOPE_BLOCK_FENCE_SCOPE_BLOCK_THREAD_1_FENCE,SAT,SAT,not seen,not seen,not seen
iriw_TB_013_2_SCOPE_BLOCK_FENCE_SCOPE_BLOCK_THREAD_3_FENCE,SAT,SAT,not seen,not seen,not seen
iriw_TB_013_2_SCOPE_BLOCK_FENCE_SCOPE_DEVICE_BOTH_FENCE,SAT,SAT,not seen,not seen,not seen
iriw_TB_013_2_SCOPE_BLOCK_FENCE_SCOPE_DEVICE_THREAD_1_FENCE,SAT,SAT,not seen,not seen,not seen
iriw_TB_013_2_SCOPE_BLOCK_FENCE_SCOPE_DEVICE_THREAD_3_FENCE,SAT,SAT,not seen,not seen,not seen
iriw_TB_013_2_SCOPE_BLOCK_NO_FENCE_ACQUIRE,SAT,SAT,not seen,not seen,not seen
iriw_TB_013_2_SCOPE_BLOCK_NO_FENCE_RELAXED,SAT,SAT,not seen,not seen,not seen
iriw_TB_013_2_SCOPE_DEVICE_FENCE_SCOPE_BLOCK_BOTH_FENCE,SAT,SAT,not seen,not seen,not seen
iriw_TB_013_2_SCOPE_DEVICE_FENCE_SCOPE_BLOCK_THREAD_1_FENCE,SAT,SAT,not seen,not seen,not seen
iriw_TB_013_2_SCOPE_DEVICE_FENCE_SCOPE_BLOCK_THREAD_3_FENCE,SAT,SAT,not seen,not seen,not seen
iriw_TB_013_2_SCOPE_DEVICE_FENCE_SCOPE_DEVICE_BOTH_FENCE,SAT,SAT,not seen,not seen,not seen
iriw_TB_013_2_SCOPE_DEVICE_FENCE_SCOPE_DEVICE_THREAD_1_FENCE,SAT,SAT,not seen,not seen,not seen
iriw_TB_013_2_SCOPE_DEVICE_FENCE_SCOPE_DEVICE_THREAD_3_FENCE,SAT,SAT,not seen,not seen,not seen
iriw_TB_013_2_SCOPE_DEVICE_NO_FENCE_ACQUIRE,SAT,SAT,not seen,not seen,not seen
iriw_TB_013_2_SCOPE_DEVICE_NO_FENCE_RELAXED,SAT,SAT,not seen,not seen,not seen
iriw_TB_01_23_SCOPE_BLOCK_FENCE_SCOPE_BLOCK_BOTH_FENCE,SAT,SAT,seen,seen,seen
iriw_TB_01_23_SCOPE_BLOCK_FENCE_SCOPE_BLOCK_THREAD_1_FENCE,SAT,SAT,seen,seen,seen
iriw_TB_01_23_SCOPE_BLOCK_FENCE_SCOPE_BLOCK_THREAD_3_FENCE,SAT,SAT,seen,seen,seen
iriw_TB_01_23_SCOPE_BLOCK_FENCE_SCOPE_DEVICE_BOTH_FENCE,SAT,SAT,not seen,not seen,not seen
iriw_TB_01_23_SCOPE_BLOCK_FENCE_SCOPE_DEVICE_THREAD_1_FENCE,SAT,SAT,seen,seen,seen
iriw_TB_01_23_SCOPE_BLOCK_FENCE_SCOPE_DEVICE_THREAD_3_FENCE,SAT,SAT,seen,seen,seen
iriw_TB_01_23_SCOPE_BLOCK_NO_FENCE_ACQUIRE,SAT,SAT,seen,seen,seen
iriw_TB_01_23_SCOPE_BLOCK_NO_FENCE_RELAXED,SAT,SAT,seen,seen,seen
iriw_TB_01_23_SCOPE_DEVICE_FENCE_SCOPE_BLOCK_BOTH_FENCE,SAT,SAT,seen,seen,not seen
iriw_TB_01_23_SCOPE_DEVICE_FENCE_SCOPE_BLOCK_THREAD_1_FENCE,SAT,SAT,seen,seen,not seen
iriw_TB_01_23_SCOPE_DEVICE_FENCE_SCOPE_BLOCK_THREAD_3_FENCE,SAT,SAT,seen,seen,not seen
iriw_TB_01_23_SCOPE_DEVICE_FENCE_SCOPE_DEVICE_BOTH_FENCE,SAT,SAT,not seen,not seen,not seen
iriw_TB_01_23_SCOPE_DEVICE_FENCE_SCOPE_DEVICE_THREAD_1_FENCE,SAT,SAT,not seen,not seen,not seen
iriw_TB_01_23_SCOPE_DEVICE_FENCE_SCOPE_DEVICE_THREAD_3_FENCE,SAT,SAT,not seen,not seen,not seen
iriw_TB_01_23_SCOPE_DEVICE_NO_FENCE_ACQUIRE,SAT,SAT,not seen,not seen,not seen
iriw_TB_01_23_SCOPE_DEVICE_NO_FENCE_RELAXED,SAT,SAT,seen,seen,seen
iriw_TB_01_2_3_SCOPE_BLOCK_FENCE_SCOPE_BLOCK_BOTH_FENCE,SAT,SAT,seen,seen,seen
iriw_TB_01_2_3_SCOPE_BLOCK_FENCE_SCOPE_BLOCK_THREAD_1_FENCE,SAT,SAT,seen,seen,seen
iriw_TB_01_2_3_SCOPE_BLOCK_FENCE_SCOPE_BLOCK_THREAD_3_FENCE,SAT,SAT,seen,seen,seen
iriw_TB_01_2_3_SCOPE_BLOCK_FENCE_SCOPE_DEVICE_BOTH_FENCE,SAT,SAT,not seen,not seen,not seen
iriw_TB_01_2_3_SCOPE_BLOCK_FENCE_SCOPE_DEVICE_THREAD_1_FENCE,SAT,SAT,seen,seen,not seen
iriw_TB_01_2_3_SCOPE_BLOCK_FENCE_SCOPE_DEVICE_THREAD_3_FENCE,SAT,SAT,seen,seen,seen
iriw_TB_01_2_3_SCOPE_BLOCK_NO_FENCE_ACQUIRE,SAT,SAT,seen,seen,seen
iriw_TB_01_2_3_SCOPE_BLOCK_NO_FENCE_RELAXED,SAT,SAT,seen,seen,seen
iriw_TB_01_2_3_SCOPE_DEVICE_FENCE_SCOPE_BLOCK_BOTH_FENCE,SAT,SAT,seen,seen,not seen
iriw_TB_01_2_3_SCOPE_DEVICE_FENCE_SCOPE_BLOCK_THREAD_1_FENCE,SAT,SAT,seen,seen,not seen
iriw_TB_01_2_3_SCOPE_DEVICE_FENCE_SCOPE_BLOCK_THREAD_3_FENCE,SAT,SAT,seen,seen,not seen
iriw_TB_01_2_3_SCOPE_DEVICE_FENCE_SCOPE_DEVICE_BOTH_FENCE,SAT,SAT,not seen,not seen,not seen
iriw_TB_01_2_3_SCOPE_DEVICE_FENCE_SCOPE_DEVICE_THREAD_1_FENCE,SAT,SAT,not seen,not seen,not seen
iriw_TB_01_2_3_SCOPE_DEVICE_FENCE_SCOPE_DEVICE_THREAD_3_FENCE,SAT,SAT,not seen,not seen,not seen
iriw_TB_01_2_3_SCOPE_DEVICE_NO_FENCE_ACQUIRE,SAT,SAT,not seen,not seen,not seen
iriw_TB_01_2_3_SCOPE_DEVICE_NO_FENCE_RELAXED,SAT,SAT,seen,seen,seen
iriw_TB_023_1_SCOPE_BLOCK_FENCE_SCOPE_BLOCK_BOTH_FENCE,SAT,SAT,seen,seen,seen
iriw_TB_023_1_SCOPE_BLOCK_FENCE_SCOPE_BLOCK_THREAD_1_FENCE,SAT,SAT,seen,seen,seen
iriw_TB_023_1_SCOPE_BLOCK_FENCE_SCOPE_BLOCK_THREAD_3_FENCE,SAT,SAT,seen,seen,seen
iriw_TB_023_1_SCOPE_BLOCK_FENCE_SCOPE_DEVICE_BOTH_FENCE,SAT,SAT,not seen,not seen,not seen
iriw_TB_023_1_SCOPE_BLOCK_FENCE_SCOPE_DEVICE_THREAD_1_FENCE,SAT,SAT,not seen,not seen,not seen
iriw_TB_023_1_SCOPE_BLOCK_FENCE_SCOPE_DEVICE_THREAD_3_FENCE,SAT,SAT,seen,not seen,not seen
iriw_TB_023_1_SCOPE_BLOCK_NO_FENCE_ACQUIRE,SAT,SAT,seen,seen,seen
iriw_TB_023_1_SCOPE_BLOCK_NO_FENCE_RELAXED,SAT,SAT,seen,seen,seen
iriw_TB_023_1_SCOPE_DEVICE_FENCE_SCOPE_BLOCK_BOTH_FENCE,SAT,SAT,seen,seen,not seen
iriw_TB_023_1_SCOPE_DEVICE_FENCE_SCOPE_BLOCK_THREAD_1_FENCE,SAT,SAT,seen,seen,not seen
iriw_TB_023_1_SCOPE_DEVICE_FENCE_SCOPE_BLOCK_THREAD_3_FENCE,SAT,SAT,seen,seen,not seen
iriw_TB_023_1_SCOPE_DEVICE_FENCE_SCOPE_DEVICE_BOTH_FENCE,SAT,SAT,not seen,not seen,not seen
iriw_TB_023_1_SCOPE_DEVICE_FENCE_SCOPE_DEVICE_THREAD_1_FENCE,SAT,SAT,not seen,not seen,not seen
iriw_TB_023_1_SCOPE_DEVICE_FENCE_SCOPE_DEVICE_THREAD_3_FENCE,SAT,SAT,not seen,not seen,not seen
iriw_TB_023_1_SCOPE_DEVICE_NO_FENCE_ACQUIRE,SAT,SAT,not seen,not seen,not seen
iriw_TB_023_1_SCOPE_DEVICE_NO_FENCE_RELAXED,SAT,SAT,seen,seen,seen
iriw_TB_02_13_SCOPE_BLOCK_FENCE_SCOPE_BLOCK_BOTH_FENCE,SAT,SAT,not seen,not seen,not seen
iriw_TB_02_13_SCOPE_BLOCK_FENCE_SCOPE_BLOCK_THREAD_1_FENCE,SAT,SAT,not seen,not seen,not seen
iriw_TB_02_13_SCOPE_BLOCK_FENCE_SCOPE_BLOCK_THREAD_3_FENCE,SAT,SAT,not seen,not seen,not seen
iriw_TB_02_13_SCOPE_BLOCK_FENCE_SCOPE_DEVICE_BOTH_FENCE,SAT,SAT,not seen,not seen,not seen
iriw_TB_02_13_SCOPE_BLOCK_FENCE_SCOPE_DEVICE_THREAD_1_FENCE,SAT,SAT,not seen,not seen,not seen
iriw_TB_02_13_SCOPE_BLOCK_FENCE_SCOPE_DEVICE_THREAD_3_FENCE,SAT,SAT,not seen,not seen,not seen
iriw_TB_02_13_SCOPE_BLOCK_NO_FENCE_ACQUIRE,SAT,SAT,not seen,not seen,not seen
iriw_TB_02_13_SCOPE_BLOCK_NO_FENCE_RELAXED,SAT,SAT,not seen,not seen,not seen
iriw_TB_02_13_SCOPE_DEVICE_FENCE_SCOPE_BLOCK_BOTH_FENCE,SAT,SAT,not seen,not seen,not seen
iriw_TB_02_13_SCOPE_DEVICE_FENCE_SCOPE_BLOCK_THREAD_1_FENCE,SAT,SAT,not seen,not seen,not seen
iriw_TB_02_13_SCOPE_DEVICE_FENCE_SCOPE_BLOCK_THREAD_3_FENCE,SAT,SAT,not seen,not seen,not seen
iriw_TB_02_13_SCOPE_DEVICE_FENCE_SCOPE_DEVICE_BOTH_FENCE,SAT,SAT,not seen,not seen,not seen
iriw_TB_02_13_SCOPE_DEVICE_FENCE_SCOPE_DEVICE_THREAD_1_FENCE,SAT,SAT,not seen,not seen,not seen
iriw_TB_02_13_SCOPE_DEVICE_FENCE_SCOPE_DEVICE_THREAD_3_FENCE,SAT,SAT,not seen,not seen,not seen
iriw_TB_02_13_SCOPE_DEVICE_NO_FENCE_ACQUIRE,SAT,SAT,not seen,not seen,not seen
iriw_TB_02_13_SCOPE_DEVICE_NO_FENCE_RELAXED,SAT,SAT,not seen,not seen,not seen
iriw_TB_02_1_3_SCOPE_BLOCK_FENCE_SCOPE_BLOCK_BOTH_FENCE,SAT,SAT,not seen,not seen,not seen
iriw_TB_02_1_3_SCOPE_BLOCK_FENCE_SCOPE_BLOCK_THREAD_1_FENCE,SAT,SAT,not seen,not seen,not seen
iriw_TB_02_1_3_SCOPE_BLOCK_FENCE_SCOPE_BLOCK_THREAD_3_FENCE,SAT,SAT,not seen,not seen,not seen
iriw_TB_02_1_3_SCOPE_BLOCK_FENCE_SCOPE_DEVICE_BOTH_FENCE,SAT,SAT,not seen,not seen,not seen
iriw_TB_02_1_3_SCOPE_BLOCK_FENCE_SCOPE_DEVICE_THREAD_1_FENCE,SAT,SAT,not seen,not seen,not seen
iriw_TB_02_1_3_SCOPE_BLOCK_FENCE_SCOPE_DEVICE_THREAD_3_FENCE,SAT,SAT,not seen,not seen,not seen
iriw_TB_02_1_3_SCOPE_BLOCK_NO_FENCE_ACQUIRE,SAT,SAT,not seen,not seen,not seen
iriw_TB_02_1_3_SCOPE_BLOCK_NO_FENCE_RELAXED,SAT,SAT,not seen,not seen,not seen
iriw_TB_02_1_3_SCOPE_DEVICE_FENCE_SCOPE_BLOCK_BOTH_FENCE,SAT,SAT,not seen,not seen,not seen
iriw_TB_02_1_3_SCOPE_DEVICE_FENCE_SCOPE_BLOCK_THREAD_1_FENCE,SAT,SAT,not seen,not seen,not seen
iriw_TB_02_1_3_SCOPE_DEVICE_FENCE_SCOPE_BLOCK_THREAD_3_FENCE,SAT,SAT,not seen,not seen,not seen
iriw_TB_02_1_3_SCOPE_DEVICE_FENCE_SCOPE_DEVICE_BOTH_FENCE,SAT,SAT,not seen,not seen,not seen
iriw_TB_02_1_3_SCOPE_DEVICE_FENCE_SCOPE_DEVICE_THREAD_1_FENCE,SAT,SAT,not seen,not seen,not seen
iriw_TB_02_1_3_SCOPE_DEVICE_FENCE_SCOPE_DEVICE_THREAD_3_FENCE,SAT,SAT,not seen,not seen,not seen
iriw_TB_02_1_3_SCOPE_DEVICE_NO_FENCE_ACQUIRE,SAT,SAT,not seen,not seen,not seen
iriw_TB_02_1_3_SCOPE_DEVICE_NO_FENCE_RELAXED,SAT,SAT,not seen,not seen,not seen
iriw_TB_03_12_SCOPE_BLOCK_FENCE_SCOPE_BLOCK_BOTH_FENCE,SAT,SAT,seen,seen,not seen
iriw_TB_03_12_SCOPE_BLOCK_FENCE_SCOPE_BLOCK_THREAD_1_FENCE,SAT,SAT,seen,seen,not seen
iriw_TB_03_12_SCOPE_BLOCK_FENCE_SCOPE_BLOCK_THREAD_3_FENCE,SAT,SAT,seen,seen,not seen
iriw_TB_03_12_SCOPE_BLOCK_FENCE_SCOPE_DEVICE_BOTH_FENCE,SAT,SAT,not seen,not seen,not seen
iriw_TB_03_12_SCOPE_BLOCK_FENCE_SCOPE_DEVICE_THREAD_1_FENCE,SAT,SAT,not seen,not seen,not seen
iriw_TB_03_12_SCOPE_BLOCK_FENCE_SCOPE_DEVICE_THREAD_3_FENCE,SAT,SAT,not seen,not seen,not seen
iriw_TB_03_12_SCOPE_BLOCK_NO_FENCE_ACQUIRE,SAT,SAT,not seen,not seen,not seen
iriw_TB_03_12_SCOPE_BLOCK_NO_FENCE_RELAXED,SAT,SAT,seen,seen,seen
iriw_TB_03_12_SCOPE_DEVICE_FENCE_SCOPE_BLOCK_BOTH_FENCE,SAT,SAT,seen,seen,not seen
iriw_TB_03_12_SCOPE_DEVICE_FENCE_SCOPE_BLOCK_THREAD_1_FENCE,SAT,SAT,seen,seen,not seen
iriw_TB_03_12_SCOPE_DEVICE_FENCE_SCOPE_BLOCK_THREAD_3_FENCE,SAT,SAT,seen,seen,not seen
iriw_TB_03_12_SCOPE_DEVICE_FENCE_SCOPE_DEVICE_BOTH_FENCE,SAT,SAT,not seen,not seen,not seen
iriw_TB_03_12_SCOPE_DEVICE_FENCE_SCOPE_DEVICE_THREAD_1_FENCE,SAT,SAT,not seen,not seen,not seen
iriw_TB_03_12_SCOPE_DEVICE_FENCE_SCOPE_DEVICE_THREAD_3_FENCE,SAT,SAT,not seen,not seen,not seen
iriw_TB_03_12_SCOPE_DEVICE_NO_FENCE_ACQUIRE,SAT,SAT,not seen,not seen,not seen
iriw_TB_03_12_SCOPE_DEVICE_NO_FENCE_RELAXED,SAT,SAT,seen,seen,seen
iriw_TB_03_1_2_SCOPE_BLOCK_FENCE_SCOPE_BLOCK_BOTH_FENCE,SAT,SAT,seen,seen,not seen
iriw_TB_03_1_2_SCOPE_BLOCK_FENCE_SCOPE_BLOCK_THREAD_1_FENCE,SAT,SAT,seen,seen,not seen
iriw_TB_03_1_2_SCOPE_BLOCK_FENCE_SCOPE_BLOCK_THREAD_3_FENCE,SAT,SAT,seen,seen,not seen
iriw_TB_03_1_2_SCOPE_BLOCK_FENCE_SCOPE_DEVICE_BOTH_FENCE,SAT,SAT,not seen,not seen,not seen
iriw_TB_03_1_2_SCOPE_BLOCK_FENCE_SCOPE_DEVICE_THREAD_1_FENCE,SAT,SAT,not seen,not seen,not seen
iriw_TB_03_1_2_SCOPE_BLOCK_FENCE_SCOPE_DEVICE_THREAD_3_FENCE,SAT,SAT,seen,not seen,not seen
iriw_TB_03_1_2_SCOPE_BLOCK_NO_FENCE_ACQUIRE,SAT,SAT,seen,seen,not seen
iriw_TB_03_1_2_SCOPE_BLOCK_NO_FENCE_RELAXED,SAT,SAT,seen,seen,seen
iriw_TB_03_1_2_SCOPE_DEVICE_FENCE_SCOPE_BLOCK_BOTH_FENCE,SAT,SAT,seen,seen,not seen
iriw_TB_03_1_2_SCOPE_DEVICE_FENCE_SCOPE_BLOCK_THREAD_1_FENCE,SAT,SAT,seen,seen,not seen
iriw_TB_03_1_2_SCOPE_DEVICE_FENCE_SCOPE_BLOCK_THREAD_3_FENCE,SAT,SAT,seen,seen,not seen
iriw_TB_03_1_2_SCOPE_DEVICE_FENCE_SCOPE_DEVICE_BOTH_FENCE,SAT,SAT,not seen,not seen,not seen
iriw_TB_03_1_2_SCOPE_DEVICE_FENCE_SCOPE_DEVICE_THREAD_1_FENCE,SAT,SAT,not seen,not seen,not seen
iriw_TB_03_1_2_SCOPE_DEVICE_FENCE_SCOPE_DEVICE_THREAD_3_FENCE,SAT,SAT,not seen,not seen,not seen
iriw_TB_03_1_2_SCOPE_DEVICE_NO_FENCE_ACQUIRE,SAT,SAT,not seen,not seen,not seen
iriw_TB_03_1_2_SCOPE_DEVICE_NO_FENCE_RELAXED,SAT,SAT,seen,seen,seen
iriw_TB_0_123_SCOPE_BLOCK_FENCE_SCOPE_BLOCK_BOTH_FENCE,SAT,SAT,not seen,not seen,not seen
iriw_TB_0_123_SCOPE_BLOCK_FENCE_SCOPE_BLOCK_THREAD_1_FENCE,SAT,SAT,not seen,not seen,not seen
iriw_TB_0_123_SCOPE_BLOCK_FENCE_SCOPE_BLOCK_THREAD_3_FENCE,SAT,SAT,not seen,not seen,not seen
iriw_TB_0_123_SCOPE_BLOCK_FENCE_SCOPE_DEVICE_BOTH_FENCE,SAT,SAT,not seen,not seen,not seen
iriw_TB_0_123_SCOPE_BLOCK_FENCE_SCOPE_DEVICE_THREAD_1_FENCE,SAT,SAT,not seen,not seen,not seen
iriw_TB_0_123_SCOPE_BLOCK_FENCE_SCOPE_DEVICE_THREAD_3_FENCE,SAT,SAT,not seen,not seen,not seen
iriw_TB_0_123_SCOPE_BLOCK_NO_FENCE_ACQUIRE,SAT,SAT,not seen,not seen,not seen
iriw_TB_0_123_SCOPE_BLOCK_NO_FENCE_RELAXED,SAT,SAT,not seen,not seen,not seen
iriw_TB_0_123_SCOPE_DEVICE_FENCE_SCOPE_BLOCK_BOTH_FENCE,SAT,SAT,not seen,not seen,not seen
iriw_TB_0_123_SCOPE_DEVICE_FENCE_SCOPE_BLOCK_THREAD_1_FENCE,SAT,SAT,not seen,not seen,not seen
iriw_TB_0_123_SCOPE_DEVICE_FENCE_SCOPE_BLOCK_THREAD_3_FENCE,SAT,SAT,not seen,not seen,not seen
iriw_TB_0_123_SCOPE_DEVICE_FENCE_SCOPE_DEVICE_BOTH_FENCE,SAT,SAT,not seen,not seen,not seen
iriw_TB_0_123_SCOPE_DEVICE_FENCE_SCOPE_DEVICE_THREAD_1_FENCE,SAT,SAT,not seen,not seen,not seen
iriw_TB_0_123_SCOPE_DEVICE_FENCE_SCOPE_DEVICE_THREAD_3_FENCE,SAT,SAT,not seen,not seen,not seen
iriw_TB_0_123_SCOPE_DEVICE_NO_FENCE_ACQUIRE,SAT,SAT,not seen,not seen,not seen
iriw_TB_0_123_SCOPE_DEVICE_NO_FENCE_RELAXED,SAT,SAT,not seen,not seen,not seen
iriw_TB_0_12_3_SCOPE_BLOCK_FENCE_SCOPE_BLOCK_BOTH_FENCE,SAT,SAT,seen,seen,seen
iriw_TB_0_12_3_SCOPE_BLOCK_FENCE_SCOPE_BLOCK_THREAD_1_FENCE,SAT,SAT,seen,seen,seen
iriw_TB_0_12_3_SCOPE_BLOCK_FENCE_SCOPE_BLOCK_THREAD_3_FENCE,SAT,SAT,seen,seen,seen
iriw_TB_0_12_3_SCOPE_BLOCK_FENCE_SCOPE_DEVICE_BOTH_FENCE,SAT,SAT,not seen,not seen,not seen
iriw_TB_0_12_3_SCOPE_BLOCK_FENCE_SCOPE_DEVICE_THREAD_1_FENCE,SAT,SAT,seen,seen,not seen
iriw_TB_0_12_3_SCOPE_BLOCK_FENCE_SCOPE_DEVICE_THREAD_3_FENCE,SAT,SAT,seen,seen,not seen
iriw_TB_0_12_3_SCOPE_BLOCK_NO_FENCE_ACQUIRE,SAT,SAT,seen,seen,seen
iriw_TB_0_12_3_SCOPE_BLOCK_NO_FENCE_RELAXED,SAT,SAT,seen,seen,seen
iriw_TB_0_12_3_SCOPE_DEVICE_FENCE_SCOPE_BLOCK_BOTH_FENCE,SAT,SAT,seen,seen,not seen
iriw_TB_0_12_3_SCOPE_DEVICE_FENCE_SCOPE_BLOCK_THREAD_1_FENCE,SAT,SAT,seen,seen,not seen
iriw_TB_0_12_3_SCOPE_DEVICE_FENCE_SCOPE_BLOCK_THREAD_3_FENCE,SAT,SAT,seen,seen,not seen
iriw_TB_0_12_3_SCOPE_DEVICE_FENCE_SCOPE_DEVICE_BOTH_FENCE,SAT,SAT,not seen,not seen,not seen
iriw_TB_0_12_3_SCOPE_DEVICE_FENCE_SCOPE_DEVICE_THREAD_1_FENCE,SAT,SAT,not seen,not seen,not seen
iriw_TB_0_12_3_SCOPE_DEVICE_FENCE_SCOPE_DEVICE_THREAD_3_FENCE,SAT,SAT,not seen,not seen,not seen
iriw_TB_0_12_3_SCOPE_DEVICE_NO_FENCE_ACQUIRE,SAT,SAT,not seen,not seen,not seen
iriw_TB_0_12_3_SCOPE_DEVICE_NO_FENCE_RELAXED,SAT,SAT,seen,seen,seen
iriw_TB_0_1_23_SCOPE_BLOCK_FENCE_SCOPE_BLOCK_BOTH_FENCE,SAT,SAT,seen,seen,seen
iriw_TB_0_1_23_SCOPE_BLOCK_FENCE_SCOPE_BLOCK_THREAD_1_FENCE,SAT,SAT,seen,seen,seen
iriw_TB_0_1_23_SCOPE_BLOCK_FENCE_SCOPE_BLOCK_THREAD_3_FENCE,SAT,SAT,seen,seen,seen
iriw_TB_0_1_23_SCOPE_BLOCK_FENCE_SCOPE_DEVICE_BOTH_FENCE,SAT,SAT,not seen,not seen,not seen
iriw_TB_0_1_23_SCOPE_BLOCK_FENCE_SCOPE_DEVICE_THREAD_1_FENCE,SAT,SAT,seen,seen,seen
iriw_TB_0_1_23_SCOPE_BLOCK_FENCE_SCOPE_DEVICE_THREAD_3_FENCE,SAT,SAT,seen,seen,not seen
iriw_TB_0_1_23_SCOPE_BLOCK_NO_FENCE_ACQUIRE,SAT,SAT,seen,seen,seen
iriw_TB_0_1_23_SCOPE_BLOCK_NO_FENCE_RELAXED,SAT,SAT,seen,seen,seen
iriw_TB_0_1_23_SCOPE_DEVICE_FENCE_SCOPE_BLOCK_BOTH_FENCE,SAT,SAT,seen,seen,not seen
iriw_TB_0_1_23_SCOPE_DEVICE_FENCE_SCOPE_BLOCK_THREAD_1_FENCE,SAT,SAT,seen,seen,not seen
iriw_TB_0_1_23_SCOPE_DEVICE_FENCE_SCOPE_BLOCK_THREAD_3_FENCE,SAT,SAT,seen,seen,not seen
iriw_TB_0_1_23_SCOPE_DEVICE_FENCE_SCOPE_DEVICE_BOTH_FENCE,SAT,SAT,not seen,not seen,not seen
iriw_TB_0_1_23_SCOPE_DEVICE_FENCE_SCOPE_DEVICE_THREAD_1_FENCE,SAT,SAT,not seen,seen,not seen
iriw_TB_0_1_23_SCOPE_DEVICE_FENCE_SCOPE_DEVICE_THREAD_3_FENCE,SAT,SAT,not seen,not seen,not seen
iriw_TB_0_1_23_SCOPE_DEVICE_NO_FENCE_ACQUIRE,SAT,SAT,not seen,not seen,not seen
iriw_TB_0_1_23_SCOPE_DEVICE_NO_FENCE_RELAXED,SAT,SAT,seen,seen,seen
iriw_TB_0_1_2_3_SCOPE_BLOCK_FENCE_SCOPE_BLOCK_BOTH_FENCE,SAT,SAT,seen,seen,seen
iriw_TB_0_1_2_3_SCOPE_BLOCK_FENCE_SCOPE_BLOCK_THREAD_1_FENCE,SAT,SAT,seen,seen,seen
iriw_TB_0_1_2_3_SCOPE_BLOCK_FENCE_SCOPE_BLOCK_THREAD_3_FENCE,SAT,SAT,seen,seen,seen
iriw_TB_0_1_2_3_SCOPE_BLOCK_FENCE_SCOPE_DEVICE_BOTH_FENCE,SAT,SAT,not seen,not seen,not seen
iriw_TB_0_1_2_3_SCOPE_BLOCK_FENCE_SCOPE_DEVICE_THREAD_1_FENCE,SAT,SAT,seen,seen,not seen
iriw_TB_0_1_2_3_SCOPE_BLOCK_FENCE_SCOPE_DEVICE_THREAD_3_FENCE,SAT,SAT,seen,seen,not seen
iriw_TB_0_1_2_3_SCOPE_BLOCK_NO_FENCE_ACQUIRE,SAT,SAT,seen,seen,seen
iriw_TB_0_1_2_3_SCOPE_BLOCK_NO_FENCE_RELAXED,SAT,SAT,seen,seen,seen
iriw_TB_0_1_2_3_SCOPE_DEVICE_FENCE_SCOPE_BLOCK_BOTH_FENCE,SAT,SAT,seen,seen,not seen
iriw_TB_0_1_2_3_SCOPE_DEVICE_FENCE_SCOPE_BLOCK_THREAD_1_FENCE,SAT,SAT,seen,seen,not seen
iriw_TB_0_1_2_3_SCOPE_DEVICE_FENCE_SCOPE_BLOCK_THREAD_3_FENCE,SAT,SAT,seen,seen,not seen
iriw_TB_0_1_2_3_SCOPE_DEVICE_FENCE_SCOPE_DEVICE_BOTH_FENCE,SAT,SAT,not seen,not seen,not seen
iriw_TB_0_1_2_3_SCOPE_DEVICE_FENCE_SCOPE_DEVICE_THREAD_1_FENCE,SAT,SAT,not seen,not seen,not seen
iriw_TB_0_1_2_3_SCOPE_DEVICE_FENCE_SCOPE_DEVICE_THREAD_3_FENCE,SAT,SAT,not seen,not seen,not seen
iriw_TB_0_1_2_3_SCOPE_DEVICE_NO_FENCE_ACQUIRE,SAT,SAT,not seen,not seen,not seen
iriw_TB_0_1_2_3_SCOPE_DEVICE_NO_FENCE_RELAXED,SAT,SAT,seen,seen,seen
iriw_TB_0_2_13_SCOPE_BLOCK_FENCE_SCOPE_BLOCK_BOTH_FENCE,SAT,SAT,not seen,not seen,not seen
iriw_TB_0_2_13_SCOPE_BLOCK_FENCE_SCOPE_BLOCK_THREAD_1_FENCE,SAT,SAT,not seen,not seen,not seen
iriw_TB_0_2_13_SCOPE_BLOCK_FENCE_SCOPE_BLOCK_THREAD_3_FENCE,SAT,SAT,not seen,not seen,not seen
iriw_TB_0_2_13_SCOPE_BLOCK_FENCE_SCOPE_DEVICE_BOTH_FENCE,SAT,SAT,not seen,not seen,not seen
iriw_TB_0_2_13_SCOPE_BLOCK_FENCE_SCOPE_DEVICE_THREAD_1_FENCE,SAT,SAT,not seen,not seen,not seen
iriw_TB_0_2_13_SCOPE_BLOCK_FENCE_SCOPE_DEVICE_THREAD_3_FENCE,SAT,SAT,not seen,not seen,not seen
iriw_TB_0_2_13_SCOPE_BLOCK_NO_FENCE_ACQUIRE,SAT,SAT,not seen,not seen,not seen
iriw_TB_0_2_13_SCOPE_BLOCK_NO_FENCE_RELAXED,SAT,SAT,not seen,not seen,not seen
iriw_TB_0_2_13_SCOPE_DEVICE_FENCE_SCOPE_BLOCK_BOTH_FENCE,SAT,SAT,not seen,not seen,not seen
iriw_TB_0_2_13_SCOPE_DEVICE_FENCE_SCOPE_BLOCK_THREAD_1_FENCE,SAT,SAT,not seen,not seen,not seen
iriw_TB_0_2_13_SCOPE_DEVICE_FENCE_SCOPE_BLOCK_THREAD_3_FENCE,SAT,SAT,not seen,not seen,not seen
iriw_TB_0_2_13_SCOPE_DEVICE_FENCE_SCOPE_DEVICE_BOTH_FENCE,SAT,SAT,not seen,not seen,not seen
iriw_TB_0_2_13_SCOPE_DEVICE_FENCE_SCOPE_DEVICE_THREAD_1_FENCE,SAT,SAT,not seen,not seen,not seen
iriw_TB_0_2_13_SCOPE_DEVICE_FENCE_SCOPE_DEVICE_THREAD_3_FENCE,SAT,SAT,not seen,not seen,not seen
iriw_TB_0_2_13_SCOPE_DEVICE_NO_FENCE_ACQUIRE,SAT,SAT,not seen,not seen,not seen
iriw_TB_0_2_13_SCOPE_DEVICE_NO_FENCE_RELAXED,SAT,SAT,not seen,not seen,not seen
isa2_TB_012_SCOPE_BLOCK_FENCE_SCOPE_BLOCK_ALL_FENCE,UNSAT,UNSAT,not seen,not seen,not seen
isa2_TB_012_SCOPE_BLOCK_FENCE_SCOPE_BLOCK_THREAD_0_1_FENCE,UNSAT,UNSAT,not seen,not seen,not seen
isa2_TB_012_SCOPE_BLOCK_FENCE_SCOPE_BLOCK_THREAD_0_2_FENCE_ACQ,SAT,SAT,not seen,not seen,not seen
isa2_TB_012_SCOPE_BLOCK_FENCE_SCOPE_BLOCK_THREAD_0_2_FENCE_REL,SAT,SAT,not seen,not seen,not seen
isa2_TB_012_SCOPE_BLOCK_FENCE_SCOPE_BLOCK_THREAD_0_FENCE_ACQ,SAT,SAT,not seen,not seen,not seen
isa2_TB_012_SCOPE_BLOCK_FENCE_SCOPE_BLOCK_THREAD_0_FENCE_REL,SAT,SAT,not seen,not seen,not seen
isa2_TB_012_SCOPE_BLOCK_FENCE_SCOPE_BLOCK_THREAD_1_2_FENCE,UNSAT,UNSAT,not seen,not seen,not seen
isa2_TB_012_SCOPE_BLOCK_FENCE_SCOPE_BLOCK_THREAD_1_FENCE,UNSAT,UNSAT,not seen,not seen,not seen
isa2_TB_012_SCOPE_BLOCK_FENCE_SCOPE_BLOCK_THREAD_2_FENCE_ACQ,SAT,SAT,not seen,not seen,not seen
isa2_TB_012_SCOPE_BLOCK_FENCE_SCOPE_BLOCK_THREAD_2_FENCE_REL,SAT,SAT,not seen,not seen,not seen
isa2_TB_012_SCOPE_BLOCK_FENCE_SCOPE_DEVICE_ALL_FENCE,UNSAT,UNSAT,not seen,not seen,not seen
isa2_TB_012_SCOPE_BLOCK_FENCE_SCOPE_DEVICE_THREAD_0_1_FENCE,UNSAT,UNSAT,not seen,not seen,not seen
isa2_TB_012_SCOPE_BLOCK_FENCE_SCOPE_DEVICE_THREAD_0_2_FENCE_ACQ,SAT,SAT,not seen,not seen,not seen
isa2_TB_012_SCOPE_BLOCK_FENCE_SCOPE_DEVICE_THREAD_0_2_FENCE_REL,SAT,SAT,not seen,not seen,not seen
isa2_TB_012_SCOPE_BLOCK_FENCE_SCOPE_DEVICE_THREAD_0_FENCE_ACQ,SAT,SAT,not seen,not seen,not seen
isa2_TB_012_SCOPE_BLOCK_FENCE_SCOPE_DEVICE_THREAD_0_FENCE_REL,SAT,SAT,not seen,not seen,not seen
isa2_TB_012_SCOPE_BLOCK_FENCE_SCOPE_DEVICE_THREAD_1_2_FENCE,UNSAT,UNSAT,not seen,not seen,not seen
isa2_TB_012_SCOPE_BLOCK_FENCE_SCOPE_DEVICE_THREAD_1_FENCE,UNSAT,UNSAT,not seen,not seen,not seen
isa2_TB_012_SCOPE_BLOCK_FENCE_SCOPE_DEVICE_THREAD_2_FENCE_ACQ,SAT,SAT,not seen,not seen,not seen
isa2_TB_012_SCOPE_BLOCK_FENCE_SCOPE_DEVICE_THREAD_2_FENCE_REL,SAT,SAT,not seen,not seen,not seen
isa2_TB_012_SCOPE_BLOCK_NO_FENCE_ACQUIRE,SAT,SAT,not seen,not seen,not seen
isa2_TB_012_SCOPE_BLOCK_NO_FENCE_RELAXED,SAT,SAT,not seen,not seen,not seen
isa2_TB_012_SCOPE_BLOCK_NO_FENCE_RELEASE,SAT,SAT,not seen,not seen,not seen
isa2_TB_012_SCOPE_DEVICE_FENCE_SCOPE_BLOCK_ALL_FENCE,UNSAT,UNSAT,not seen,not seen,not seen
isa2_TB_012_SCOPE_DEVICE_FENCE_SCOPE_BLOCK_THREAD_0_1_FENCE,UNSAT,UNSAT,not seen,not seen,not seen
isa2_TB_012_SCOPE_DEVICE_FENCE_SCOPE_BLOCK_THREAD_0_2_FENCE_ACQ,SAT,SAT,not seen,not seen,not seen
isa2_TB_012_SCOPE_DEVICE_FENCE_SCOPE_BLOCK_THREAD_0_2_FENCE_REL,SAT,SAT,not seen,not seen,not seen
isa2_TB_012_SCOPE_DEVICE_FENCE_SCOPE_BLOCK_THREAD_0_FENCE_ACQ,SAT,SAT,not seen,not seen,not seen
isa2_TB_012_SCOPE_DEVICE_FENCE_SCOPE_BLOCK_THREAD_0_FENCE_REL,SAT,SAT,not seen,not seen,not seen
isa2_TB_012_SCOPE_DEVICE_FENCE_SCOPE_BLOCK_THREAD_1_2_FENCE,UNSAT,UNSAT,not seen,not seen,not seen
isa2_TB_012_SCOPE_DEVICE_FENCE_SCOPE_BLOCK_THREAD_1_FENCE,UNSAT,UNSAT,not seen,not seen,not seen
isa2_TB_012_SCOPE_DEVICE_FENCE_SCOPE_BLOCK_THREAD_2_FENCE_ACQ,SAT,SAT,not seen,not seen,not seen
isa2_TB_012_SCOPE_DEVICE_FENCE_SCOPE_BLOCK_THREAD_2_FENCE_REL,SAT,SAT,not seen,not seen,not seen
isa2_TB_012_SCOPE_DEVICE_FENCE_SCOPE_DEVICE_ALL_FENCE,UNSAT,UNSAT,not seen,not seen,not seen
isa2_TB_012_SCOPE_DEVICE_FENCE_SCOPE_DEVICE_THREAD_0_1_FENCE,UNSAT,UNSAT,not seen,not seen,not seen
isa2_TB_012_SCOPE_DEVICE_FENCE_SCOPE_DEVICE_THREAD_0_2_FENCE_ACQ,SAT,SAT,not seen,not seen,not seen
isa2_TB_012_SCOPE_DEVICE_FENCE_SCOPE_DEVICE_THREAD_0_2_FENCE_REL,SAT,SAT,not seen,not seen,not seen
isa2_TB_012_SCOPE_DEVICE_FENCE_SCOPE_DEVICE_THREAD_0_FENCE_ACQ,SAT,SAT,not seen,not seen,not seen
isa2_TB_012_SCOPE_DEVICE_FENCE_SCOPE_DEVICE_THREAD_0_FENCE_REL,SAT,SAT,not seen,not seen,not seen
isa2_TB_012_SCOPE_DEVICE_FENCE_SCOPE_DEVICE_THREAD_1_2_FENCE,UNSAT,UNSAT,not seen,not seen,not seen
isa2_TB_012_SCOPE_DEVICE_FENCE_SCOPE_DEVICE_THREAD_1_FENCE,UNSAT,UNSAT,not seen,not seen,not seen
isa2_TB_012_SCOPE_DEVICE_FENCE_SCOPE_DEVICE_THREAD_2_FENCE_ACQ,SAT,SAT,not seen,not seen,not seen
isa2_TB_012_SCOPE_DEVICE_FENCE_SCOPE_DEVICE_THREAD_2_FENCE_REL,SAT,SAT,not seen,not seen,not seen
isa2_TB_012_SCOPE_DEVICE_NO_FENCE_ACQUIRE,SAT,SAT,not seen,not seen,not seen
isa2_TB_012_SCOPE_DEVICE_NO_FENCE_RELAXED,SAT,SAT,not seen,not seen,not seen
isa2_TB_012_SCOPE_DEVICE_NO_FENCE_RELEASE,SAT,SAT,not seen,not seen,not seen
isa2_TB_01_2_SCOPE_BLOCK_FENCE_SCOPE_BLOCK_ALL_FENCE,SAT,SAT,seen,seen,seen
isa2_TB_01_2_SCOPE_BLOCK_FENCE_SCOPE_BLOCK_THREAD_0_1_FENCE,SAT,SAT,seen,seen,seen
isa2_TB_01_2_SCOPE_BLOCK_FENCE_SCOPE_BLOCK_THREAD_0_2_FENCE_ACQ,SAT,SAT,seen,seen,seen
isa2_TB_01_2_SCOPE_BLOCK_FENCE_SCOPE_BLOCK_THREAD_0_2_FENCE_REL,SAT,SAT,seen,seen,seen
isa2_TB_01_2_SCOPE_BLOCK_FENCE_SCOPE_BLOCK_THREAD_0_FENCE_ACQ,SAT,SAT,seen,seen,seen
isa2_TB_01_2_SCOPE_BLOCK_FENCE_SCOPE_BLOCK_THREAD_0_FENCE_REL,SAT,SAT,seen,seen,seen
isa2_TB_01_2_SCOPE_BLOCK_FENCE_SCOPE_BLOCK_THREAD_1_2_FENCE,SAT,SAT,seen,seen,seen
isa2_TB_01_2_SCOPE_BLOCK_FENCE_SCOPE_BLOCK_THREAD_1_FENCE,SAT,SAT,seen,seen,seen
isa2_TB_01_2_SCOPE_BLOCK_FENCE_SCOPE_BLOCK_THREAD_2_FENCE_ACQ,SAT,SAT,seen,seen,seen
isa2_TB_01_2_SCOPE_BLOCK_FENCE_SCOPE_BLOCK_THREAD_2_FENCE_REL,SAT,SAT,seen,seen,seen
isa2_TB_01_2_SCOPE_BLOCK_FENCE_SCOPE_DEVICE_ALL_FENCE,SAT,SAT,not seen,not seen,not seen
isa2_TB_01_2_SCOPE_BLOCK_FENCE_SCOPE_DEVICE_THREAD_0_1_FENCE,SAT,SAT,seen,not seen,not seen
isa2_TB_01_2_SCOPE_BLOCK_FENCE_SCOPE_DEVICE_THREAD_0_2_FENCE_ACQ,SAT,SAT,not seen,not seen,not seen
isa2_TB_01_2_SCOPE_BLOCK_FENCE_SCOPE_DEVICE_THREAD_0_2_FENCE_REL,SAT,SAT,not seen,not seen,not seen
isa2_TB_01_2_SCOPE_BLOCK_FENCE_SCOPE_DEVICE_THREAD_0_FENCE_ACQ,SAT,SAT,seen,seen,not seen
isa2_TB_01_2_SCOPE_BLOCK_FENCE_SCOPE_DEVICE_THREAD_0_FENCE_REL,SAT,SAT,seen,seen,not seen
isa2_TB_01_2_SCOPE_BLOCK_FENCE_SCOPE_DEVICE_THREAD_1_2_FENCE,SAT,SAT,not seen,not seen,not seen
isa2_TB_01_2_SCOPE_BLOCK_FENCE_SCOPE_DEVICE_THREAD_1_FENCE,SAT,SAT,seen,seen,not seen
isa2_TB_01_2_SCOPE_BLOCK_FENCE_SCOPE_DEVICE_THREAD_2_FENCE_ACQ,SAT,SAT,seen,seen,seen
isa2_TB_01_2_SCOPE_BLOCK_FENCE_SCOPE_DEVICE_THREAD_2_FENCE_REL,SAT,SAT,seen,seen,seen
isa2_TB_01_2_SCOPE_BLOCK_NO_FENCE_ACQUIRE,SAT,SAT,seen,seen,seen
isa2_TB_01_2_SCOPE_BLOCK_NO_FENCE_RELAXED,SAT,SAT,seen,seen,seen
isa2_TB_01_2_SCOPE_BLOCK_NO_FENCE_RELEASE,SAT,SAT,seen,seen,seen
isa2_TB_01_2_SCOPE_DEVICE_FENCE_SCOPE_BLOCK_ALL_FENCE,SAT,SAT,seen,seen,seen
isa2_TB_01_2_SCOPE_DEVICE_FENCE_SCOPE_BLOCK_THREAD_0_1_FENCE,SAT,SAT,seen,seen,seen
isa2_TB_01_2_SCOPE_DEVICE_FENCE_SCOPE_BLOCK_THREAD_0_2_FENCE_ACQ,SAT,SAT,seen,seen,seen
isa2_TB_01_2_SCOPE_DEVICE_FENCE_SCOPE_BLOCK_THREAD_0_2_FENCE_REL,SAT,SAT,seen,seen,not seen
isa2_TB_01_2_SCOPE_DEVICE_FENCE_SCOPE_BLOCK_THREAD_0_FENCE_ACQ,SAT,SAT,seen,seen,seen
isa2_TB_01_2_SCOPE_DEVICE_FENCE_SCOPE_BLOCK_THREAD_0_FENCE_REL,SAT,SAT,not seen,not seen,not seen
isa2_TB_01_2_SCOPE_DEVICE_FENCE_SCOPE_BLOCK_THREAD_1_2_FENCE,SAT,SAT,seen,seen,not seen
isa2_TB_01_2_SCOPE_DEVICE_FENCE_SCOPE_BLOCK_THREAD_1_FENCE,SAT,SAT,not seen,not seen,not seen
isa2_TB_01_2_SCOPE_DEVICE_FENCE_SCOPE_BLOCK_THREAD_2_FENCE_ACQ,SAT,SAT,seen,seen,not seen
isa2_TB_01_2_SCOPE_DEVICE_FENCE_SCOPE_BLOCK_THREAD_2_FENCE_REL,SAT,SAT,seen,seen,not seen
isa2_TB_01_2_SCOPE_DEVICE_FENCE_SCOPE_DEVICE_ALL_FENCE,UNSAT,UNSAT,not seen,not seen,not seen
isa2_TB_01_2_SCOPE_DEVICE_FENCE_SCOPE_DEVICE_THREAD_0_1_FENCE,UNSAT,UNSAT,not seen,not seen,not seen
isa2_TB_01_2_SCOPE_DEVICE_FENCE_SCOPE_DEVICE_THREAD_0_2_FENCE_ACQ,SAT,SAT,not seen,not seen,not seen
isa2_TB_01_2_SCOPE_DEVICE_FENCE_SCOPE_DEVICE_THREAD_0_2_FENCE_REL,SAT,SAT,not seen,not seen,not seen
isa2_TB_01_2_SCOPE_DEVICE_FENCE_SCOPE_DEVICE_THREAD_0_FENCE_ACQ,SAT,SAT,not seen,not seen,not seen
isa2_TB_01_2_SCOPE_DEVICE_FENCE_SCOPE_DEVICE_THREAD_0_FENCE_REL,SAT,SAT,not seen,not seen,not seen
isa2_TB_01_2_SCOPE_DEVICE_FENCE_SCOPE_DEVICE_THREAD_1_2_FENCE,UNSAT,UNSAT,not seen,not seen,not seen
isa2_TB_01_2_SCOPE_DEVICE_FENCE_SCOPE_DEVICE_THREAD_1_FENCE,UNSAT,UNSAT,not seen,not seen,not seen
isa2_TB_01_2_SCOPE_DEVICE_FENCE_SCOPE_DEVICE_THREAD_2_FENCE_ACQ,SAT,SAT,not seen,not seen,not seen
isa2_TB_01_2_SCOPE_DEVICE_FENCE_SCOPE_DEVICE_THREAD_2_FENCE_REL,SAT,SAT,not seen,not seen,not seen
isa2_TB_01_2_SCOPE_DEVICE_NO_FENCE_ACQUIRE,SAT,SAT,not seen,not seen,not seen
isa2_TB_01_2_SCOPE_DEVICE_NO_FENCE_RELAXED,SAT,SAT,seen,seen,seen
isa2_TB_01_2_SCOPE_DEVICE_NO_FENCE_RELEASE,SAT,SAT,not seen,not seen,not seen
isa2_TB_0_12_SCOPE_BLOCK_FENCE_SCOPE_BLOCK_ALL_FENCE,SAT,SAT,seen,seen,seen
isa2_TB_0_12_SCOPE_BLOCK_FENCE_SCOPE_BLOCK_THREAD_0_1_FENCE,SAT,SAT,seen,seen,seen
isa2_TB_0_12_SCOPE_BLOCK_FENCE_SCOPE_BLOCK_THREAD_0_2_FENCE_ACQ,SAT,SAT,seen,seen,seen
isa2_TB_0_12_SCOPE_BLOCK_FENCE_SCOPE_BLOCK_THREAD_0_2_FENCE_REL,SAT,SAT,seen,seen,seen
isa2_TB_0_12_SCOPE_BLOCK_FENCE_SCOPE_BLOCK_THREAD_0_FENCE_ACQ,SAT,SAT,seen,seen,seen
isa2_TB_0_12_SCOPE_BLOCK_FENCE_SCOPE_BLOCK_THREAD_0_FENCE_REL,SAT,SAT,seen,seen,seen
isa2_TB_0_12_SCOPE_BLOCK_FENCE_SCOPE_BLOCK_THREAD_1_2_FENCE,SAT,SAT,seen,seen,seen
isa2_TB_0_12_SCOPE_BLOCK_FENCE_SCOPE_BLOCK_THREAD_1_FENCE,SAT,SAT,seen,seen,seen
isa2_TB_0_12_SCOPE_BLOCK_FENCE_SCOPE_BLOCK_THREAD_2_FENCE_ACQ,SAT,SAT,seen,seen,seen
isa2_TB_0_12_SCOPE_BLOCK_FENCE_SCOPE_BLOCK_THREAD_2_FENCE_REL,SAT,SAT,seen,seen,seen
isa2_TB_0_12_SCOPE_BLOCK_FENCE_SCOPE_DEVICE_ALL_FENCE,SAT,SAT,not seen,not seen,not seen
isa2_TB_0_12_SCOPE_BLOCK_FENCE_SCOPE_DEVICE_THREAD_0_1_FENCE,SAT,SAT,not seen,not seen,not seen
isa2_TB_0_12_SCOPE_BLOCK_FENCE_SCOPE_DEVICE_THREAD_0_2_FENCE_ACQ,SAT,SAT,not seen,not seen,not seen
isa2_TB_0_12_SCOPE_BLOCK_FENCE_SCOPE_DEVICE_THREAD_0_2_FENCE_REL,SAT,SAT,not seen,not seen,not seen
isa2_TB_0_12_SCOPE_BLOCK_FENCE_SCOPE_DEVICE_THREAD_0_FENCE_ACQ,SAT,SAT,seen,seen,not seen
isa2_TB_0_12_SCOPE_BLOCK_FENCE_SCOPE_DEVICE_THREAD_0_FENCE_REL,SAT,SAT,seen,seen,seen
isa2_TB_0_12_SCOPE_BLOCK_FENCE_SCOPE_DEVICE_THREAD_1_2_FENCE,SAT,SAT,seen,seen,seen
isa2_TB_0_12_SCOPE_BLOCK_FENCE_SCOPE_DEVICE_THREAD_1_FENCE,SAT,SAT,seen,seen,seen
isa2_TB_0_12_SCOPE_BLOCK_FENCE_SCOPE_DEVICE_THREAD_2_FENCE_ACQ,SAT,SAT,seen,seen,seen
isa2_TB_0_12_SCOPE_BLOCK_FENCE_SCOPE_DEVICE_THREAD_2_FENCE_REL,SAT,SAT,seen,seen,seen
isa2_TB_0_12_SCOPE_BLOCK_NO_FENCE_ACQUIRE,SAT,SAT,seen,seen,seen
isa2_TB_0_12_SCOPE_BLOCK_NO_FENCE_RELAXED,SAT,SAT,seen,seen,seen
isa2_TB_0_12_SCOPE_BLOCK_NO_FENCE_RELEASE,SAT,SAT,seen,seen,seen
isa2_TB_0_12_SCOPE_DEVICE_FENCE_SCOPE_BLOCK_ALL_FENCE,SAT,SAT,seen,seen,seen
isa2_TB_0_12_SCOPE_DEVICE_FENCE_SCOPE_BLOCK_THREAD_0_1_FENCE,SAT,SAT,seen,seen,seen
isa2_TB_0_12_SCOPE_DEVICE_FENCE_SCOPE_BLOCK_THREAD_0_2_FENCE_ACQ,SAT,SAT,seen,seen,seen
isa2_TB_0_12_SCOPE_DEVICE_FENCE_SCOPE_BLOCK_THREAD_0_2_FENCE_REL,SAT,SAT,seen,seen,seen
isa2_TB_0_12_SCOPE_DEVICE_FENCE_SCOPE_BLOCK_THREAD_0_FENCE_ACQ,SAT,SAT,seen,seen,seen
isa2_TB_0_12_SCOPE_DEVICE_FENCE_SCOPE_BLOCK_THREAD_0_FENCE_REL,SAT,SAT,seen,seen,seen
isa2_TB_0_12_SCOPE_DEVICE_FENCE_SCOPE_BLOCK_THREAD_1_2_FENCE,SAT,SAT,seen,seen,not seen
isa2_TB_0_12_SCOPE_DEVICE_FENCE_SCOPE_BLOCK_THREAD_1_FENCE,SAT,SAT,not seen,seen,not seen
isa2_TB_0_12_SCOPE_DEVICE_FENCE_SCOPE_BLOCK_THREAD_2_FENCE_ACQ,SAT,SAT,not seen,not seen,not seen
isa2_TB_0_12_SCOPE_DEVICE_FENCE_SCOPE_BLOCK_THREAD_2_FENCE_REL,SAT,SAT,not seen,not seen,not seen
isa2_TB_0_12_SCOPE_DEVICE_FENCE_SCOPE_DEVICE_ALL_FENCE,UNSAT,UNSAT,not seen,not seen,not seen
isa2_TB_0_12_SCOPE_DEVICE_FENCE_SCOPE_DEVICE_THREAD_0_1_FENCE,UNSAT,UNSAT,not seen,not seen,not seen
isa2_TB_0_12_SCOPE_DEVICE_FENCE_SCOPE_DEVICE_THREAD_0_2_FENCE_ACQ,SAT,SAT,not seen,not seen,not seen
isa2_TB_0_12_SCOPE_DEVICE_FENCE_SCOPE_DEVICE_THREAD_0_2_FENCE_REL,SAT,SAT,not seen,not seen,not seen
isa2_TB_0_12_SCOPE_DEVICE_FENCE_SCOPE_DEVICE_THREAD_0_FENCE_ACQ,SAT,SAT,not seen,not seen,not seen
isa2_TB_0_12_SCOPE_DEVICE_FENCE_SCOPE_DEVICE_THREAD_0_FENCE_REL,SAT,SAT,not seen,not seen,not seen
isa2_TB_0_12_SCOPE_DEVICE_FENCE_SCOPE_DEVICE_THREAD_1_2_FENCE,UNSAT,UNSAT,not seen,not seen,not seen
isa2_TB_0_12_SCOPE_DEVICE_FENCE_SCOPE_DEVICE_THREAD_1_FENCE,UNSAT,UNSAT,not seen,not seen,not seen
isa2_TB_0_12_SCOPE_DEVICE_FENCE_SCOPE_DEVICE_THREAD_2_FENCE_ACQ,SAT,SAT,not seen,not seen,not seen
isa2_TB_0_12_SCOPE_DEVICE_FENCE_SCOPE_DEVICE_THREAD_2_FENCE_REL,SAT,SAT,not seen,not seen,not seen
isa2_TB_0_12_SCOPE_DEVICE_NO_FENCE_ACQUIRE,SAT,SAT,not seen,not seen,not seen
isa2_TB_0_12_SCOPE_DEVICE_NO_FENCE_RELAXED,SAT,SAT,seen,seen,seen
isa2_TB_0_12_SCOPE_DEVICE_NO_FENCE_RELEASE,SAT,SAT,not seen,not seen,not seen
isa2_TB_0_1_2_SCOPE_BLOCK_FENCE_SCOPE_BLOCK_ALL_FENCE,SAT,SAT,seen,seen,seen
isa2_TB_0_1_2_SCOPE_BLOCK_FENCE_SCOPE_BLOCK_THREAD_0_1_FENCE,SAT,SAT,seen,seen,seen
isa2_TB_0_1_2_SCOPE_BLOCK_FENCE_SCOPE_BLOCK_THREAD_0_2_FENCE_ACQ,SAT,SAT,seen,seen,seen
isa2_TB_0_1_2_SCOPE_BLOCK_FENCE_SCOPE_BLOCK_THREAD_0_2_FENCE_REL,SAT,SAT,seen,seen,seen
isa2_TB_0_1_2_SCOPE_BLOCK_FENCE_SCOPE_BLOCK_THREAD_0_FENCE_ACQ,SAT,SAT,seen,seen,seen
isa2_TB_0_1_2_SCOPE_BLOCK_FENCE_SCOPE_BLOCK_THREAD_0_FENCE_REL,SAT,SAT,seen,seen,seen
isa2_TB_0_1_2_SCOPE_BLOCK_FENCE_SCOPE_BLOCK_THREAD_1_2_FENCE,SAT,SAT,seen,seen,seen
isa2_TB_0_1_2_SCOPE_BLOCK_FENCE_SCOPE_BLOCK_THREAD_1_FENCE,SAT,SAT,seen,seen,seen
isa2_TB_0_1_2_SCOPE_BLOCK_FENCE_SCOPE_BLOCK_THREAD_2_FENCE_ACQ,SAT,SAT,seen,seen,seen
isa2_TB_0_1_2_SCOPE_BLOCK_FENCE_SCOPE_BLOCK_THREAD_2_FENCE_REL,SAT,SAT,seen,seen,seen
isa2_TB_0_1_2_SCOPE_BLOCK_FENCE_SCOPE_DEVICE_ALL_FENCE,SAT,SAT,not seen,not seen,not seen
isa2_TB_0_1_2_SCOPE_BLOCK_FENCE_SCOPE_DEVICE_THREAD_0_1_FENCE,SAT,SAT,not seen,not seen,not seen
isa2_TB_0_1_2_SCOPE_BLOCK_FENCE_SCOPE_DEVICE_THREAD_0_2_FENCE_ACQ,SAT,SAT,not seen,not seen,not seen
isa2_TB_0_1_2_SCOPE_BLOCK_FENCE_SCOPE_DEVICE_THREAD_0_2_FENCE_REL,SAT,SAT,seen,seen,not seen
isa2_TB_0_1_2_SCOPE_BLOCK_FENCE_SCOPE_DEVICE_THREAD_0_FENCE_ACQ,SAT,SAT,seen,seen,not seen
isa2_TB_0_1_2_SCOPE_BLOCK_FENCE_SCOPE_DEVICE_THREAD_0_FENCE_REL,SAT,SAT,seen,seen,not seen
isa2_TB_0_1_2_SCOPE_BLOCK_FENCE_SCOPE_DEVICE_THREAD_1_2_FENCE,SAT,SAT,seen,seen,seen
isa2_TB_0_1_2_SCOPE_BLOCK_FENCE_SCOPE_DEVICE_THREAD_1_FENCE,SAT,SAT,seen,seen,seen
isa2_TB_0_1_2_SCOPE_BLOCK_FENCE_SCOPE_DEVICE_THREAD_2_FENCE_ACQ,SAT,SAT,seen,seen,seen
isa2_TB_0_1_2_SCOPE_BLOCK_FENCE_SCOPE_DEVICE_THREAD_2_FENCE_REL,SAT,SAT,seen,seen,seen
isa2_TB_0_1_2_SCOPE_BLOCK_NO_FENCE_ACQUIRE,SAT,SAT,seen,seen,seen
isa2_TB_0_1_2_SCOPE_BLOCK_NO_FENCE_RELAXED,SAT,SAT,seen,seen,seen
isa2_TB_0_1_2_SCOPE_BLOCK_NO_FENCE_RELEASE,SAT,SAT,seen,seen,seen
isa2_TB_0_1_2_SCOPE_DEVICE_FENCE_SCOPE_BLOCK_ALL_FENCE,SAT,SAT,seen,seen,seen
isa2_TB_0_1_2_SCOPE_DEVICE_FENCE_SCOPE_BLOCK_THREAD_0_1_FENCE,SAT,SAT,seen,seen,seen
isa2_TB_0_1_2_SCOPE_DEVICE_FENCE_SCOPE_BLOCK_THREAD_0_2_FENCE_ACQ,SAT,SAT,seen,seen,seen
isa2_TB_0_1_2_SCOPE_DEVICE_FENCE_SCOPE_BLOCK_THREAD_0_2_FENCE_REL,SAT,SAT,seen,seen,seen
isa2_TB_0_1_2_SCOPE_DEVICE_FENCE_SCOPE_BLOCK_THREAD_0_FENCE_ACQ,SAT,SAT,seen,seen,seen
isa2_TB_0_1_2_SCOPE_DEVICE_FENCE_SCOPE_BLOCK_THREAD_0_FENCE_REL,SAT,SAT,seen,seen,seen
isa2_TB_0_1_2_SCOPE_DEVICE_FENCE_SCOPE_BLOCK_THREAD_1_2_FENCE,SAT,SAT,seen,seen,not seen
isa2_TB_0_1_2_SCOPE_DEVICE_FENCE_SCOPE_BLOCK_THREAD_1_FENCE,SAT,SAT,seen,seen,not seen
isa2_TB_0_1_2_SCOPE_DEVICE_FENCE_SCOPE_BLOCK_THREAD_2_FENCE_ACQ,SAT,SAT,seen,seen,not seen
isa2_TB_0_1_2_SCOPE_DEVICE_FENCE_SCOPE_BLOCK_THREAD_2_FENCE_REL,SAT,SAT,seen,seen,not seen
isa2_TB_0_1_2_SCOPE_DEVICE_FENCE_SCOPE_DEVICE_ALL_FENCE,UNSAT,UNSAT,not seen,not seen,not seen
isa2_TB_0_1_2_SCOPE_DEVICE_FENCE_SCOPE_DEVICE_THREAD_0_1_FENCE,UNSAT,UNSAT,not seen,not seen,not seen
isa2_TB_0_1_2_SCOPE_DEVICE_FENCE_SCOPE_DEVICE_THREAD_0_2_FENCE_ACQ,SAT,SAT,not seen,not seen,not seen
isa2_TB_0_1_2_SCOPE_DEVICE_FENCE_SCOPE_DEVICE_THREAD_0_2_FENCE_REL,SAT,SAT,not seen,not seen,not seen
isa2_TB_0_1_2_SCOPE_DEVICE_FENCE_SCOPE_DEVICE_THREAD_0_FENCE_ACQ,SAT,SAT,not seen,not seen,not seen
isa2_TB_0_1_2_SCOPE_DEVICE_FENCE_SCOPE_DEVICE_THREAD_0_FENCE_REL,SAT,SAT,not seen,not seen,not seen
isa2_TB_0_1_2_SCOPE_DEVICE_FENCE_SCOPE_DEVICE_THREAD_1_2_FENCE,UNSAT,UNSAT,not seen,not seen,not seen
isa2_TB_0_1_2_SCOPE_DEVICE_FENCE_SCOPE_DEVICE_THREAD_1_FENCE,UNSAT,UNSAT,not seen,not seen,not seen
isa2_TB_0_1_2_SCOPE_DEVICE_FENCE_SCOPE_DEVICE_THREAD_2_FENCE_ACQ,SAT,SAT,not seen,not seen,not seen
isa2_TB_0_1_2_SCOPE_DEVICE_FENCE_SCOPE_DEVICE_THREAD_2_FENCE_REL,SAT,SAT,not seen,not seen,not seen
isa2_TB_0_1_2_SCOPE_DEVICE_NO_FENCE_ACQUIRE,SAT,SAT,not seen,not seen,not seen
isa2_TB_0_1_2_SCOPE_DEVICE_NO_FENCE_RELAXED,SAT,SAT,seen,seen,seen
isa2_TB_0_1_2_SCOPE_DEVICE_NO_FENCE_RELEASE,SAT,SAT,not seen,not seen,not seen
isa2_TB_1_02_SCOPE_BLOCK_FENCE_SCOPE_BLOCK_ALL_FENCE,SAT,SAT,seen,seen,not seen
isa2_TB_1_02_SCOPE_BLOCK_FENCE_SCOPE_BLOCK_THREAD_0_1_FENCE,SAT,SAT,seen,seen,not seen
isa2_TB_1_02_SCOPE_BLOCK_FENCE_SCOPE_BLOCK_THREAD_0_2_FENCE_ACQ,SAT,SAT,seen,seen,not seen
isa2_TB_1_02_SCOPE_BLOCK_FENCE_SCOPE_BLOCK_THREAD_0_2_FENCE_REL,SAT,SAT,seen,seen,seen
isa2_TB_1_02_SCOPE_BLOCK_FENCE_SCOPE_BLOCK_THREAD_0_FENCE_ACQ,SAT,SAT,not seen,not seen,not seen
isa2_TB_1_02_SCOPE_BLOCK_FENCE_SCOPE_BLOCK_THREAD_0_FENCE_REL,SAT,SAT,seen,seen,seen
isa2_TB_1_02_SCOPE_BLOCK_FENCE_SCOPE_BLOCK_THREAD_1_2_FENCE,SAT,SAT,seen,seen,not seen
isa2_TB_1_02_SCOPE_BLOCK_FENCE_SCOPE_BLOCK_THREAD_1_FENCE,SAT,SAT,seen,seen,not seen
isa2_TB_1_02_SCOPE_BLOCK_FENCE_SCOPE_BLOCK_THREAD_2_FENCE_ACQ,SAT,SAT,seen,seen,not seen
isa2_TB_1_02_SCOPE_BLOCK_FENCE_SCOPE_BLOCK_THREAD_2_FENCE_REL,SAT,SAT,seen,seen,seen
isa2_TB_1_02_SCOPE_BLOCK_FENCE_SCOPE_DEVICE_ALL_FENCE,SAT,SAT,not seen,not seen,not seen
isa2_TB_1_02_SCOPE_BLOCK_FENCE_SCOPE_DEVICE_THREAD_0_1_FENCE,SAT,SAT,not seen,not seen,not seen
isa2_TB_1_02_SCOPE_BLOCK_FENCE_SCOPE_DEVICE_THREAD_0_2_FENCE_ACQ,SAT,SAT,not seen,not seen,not seen
isa2_TB_1_02_SCOPE_BLOCK_FENCE_SCOPE_DEVICE_THREAD_0_2_FENCE_REL,SAT,SAT,not seen,seen,not seen
isa2_TB_1_02_SCOPE_BLOCK_FENCE_SCOPE_DEVICE_THREAD_0_FENCE_ACQ,SAT,SAT,not seen,not seen,not seen
isa2_TB_1_02_SCOPE_BLOCK_FENCE_SCOPE_DEVICE_THREAD_0_FENCE_REL,SAT,SAT,seen,seen,not seen
isa2_TB_1_02_SCOPE_BLOCK_FENCE_SCOPE_DEVICE_THREAD_1_2_FENCE,SAT,SAT,not seen,not seen,not seen
isa2_TB_1_02_SCOPE_BLOCK_FENCE_SCOPE_DEVICE_THREAD_1_FENCE,SAT,SAT,not seen,not seen,not seen
isa2_TB_1_02_SCOPE_BLOCK_FENCE_SCOPE_DEVICE_THREAD_2_FENCE_ACQ,SAT,SAT,not seen,not seen,not seen
isa2_TB_1_02_SCOPE_BLOCK_FENCE_SCOPE_DEVICE_THREAD_2_FENCE_REL,SAT,SAT,seen,seen,not seen
isa2_TB_1_02_SCOPE_BLOCK_NO_FENCE_ACQUIRE,SAT,SAT,not seen,not seen,not seen
isa2_TB_1_02_SCOPE_BLOCK_NO_FENCE_RELAXED,SAT,SAT,seen,seen,seen
isa2_TB_1_02_SCOPE_BLOCK_NO_FENCE_RELEASE,SAT,SAT,seen,seen,seen
isa2_TB_1_02_SCOPE_DEVICE_FENCE_SCOPE_BLOCK_ALL_FENCE,SAT,SAT,seen,seen,not seen
isa2_TB_1_02_SCOPE_DEVICE_FENCE_SCOPE_BLOCK_THREAD_0_1_FENCE,SAT,SAT,seen,seen,not seen
isa2_TB_1_02_SCOPE_DEVICE_FENCE_SCOPE_BLOCK_THREAD_0_2_FENCE_ACQ,SAT,SAT,seen,seen,not seen
isa2_TB_1_02_SCOPE_DEVICE_FENCE_SCOPE_BLOCK_THREAD_0_2_FENCE_REL,SAT,SAT,seen,seen,not seen
isa2_TB_1_02_SCOPE_DEVICE_FENCE_SCOPE_BLOCK_THREAD_0_FENCE_ACQ,SAT,SAT,not seen,not seen,not seen
isa2_TB_1_02_SCOPE_DEVICE_FENCE_SCOPE_BLOCK_THREAD_0_FENCE_REL,SAT,SAT,not seen,not seen,not seen
isa2_TB_1_02_SCOPE_DEVICE_FENCE_SCOPE_BLOCK_THREAD_1_2_FENCE,SAT,SAT,seen,seen,not seen
isa2_TB_1_02_SCOPE_DEVICE_FENCE_SCOPE_BLOCK_THREAD_1_FENCE,SAT,SAT,not seen,seen,not seen
isa2_TB_1_02_SCOPE_DEVICE_FENCE_SCOPE_BLOCK_THREAD_2_FENCE_ACQ,SAT,SAT,not seen,not seen,not seen
isa2_TB_1_02_SCOPE_DEVICE_FENCE_SCOPE_BLOCK_THREAD_2_FENCE_REL,SAT,SAT,not seen,not seen,not seen
isa2_TB_1_02_SCOPE_DEVICE_FENCE_SCOPE_DEVICE_ALL_FENCE,UNSAT,UNSAT,not seen,not seen,not seen
isa2_TB_1_02_SCOPE_DEVICE_FENCE_SCOPE_DEVICE_THREAD_0_1_FENCE,UNSAT,UNSAT,not seen,not seen,not seen
isa2_TB_1_02_SCOPE_DEVICE_FENCE_SCOPE_DEVICE_THREAD_0_2_FENCE_ACQ,SAT,SAT,not seen,not seen,not seen
isa2_TB_1_02_SCOPE_DEVICE_FENCE_SCOPE_DEVICE_THREAD_0_2_FENCE_REL,SAT,SAT,not seen,not seen,not seen
isa2_TB_1_02_SCOPE_DEVICE_FENCE_SCOPE_DEVICE_THREAD_0_FENCE_ACQ,SAT,SAT,not seen,not seen,not seen
isa2_TB_1_02_SCOPE_DEVICE_FENCE_SCOPE_DEVICE_THREAD_0_FENCE_REL,SAT,SAT,not seen,not seen,not seen
isa2_TB_1_02_SCOPE_DEVICE_FENCE_SCOPE_DEVICE_THREAD_1_2_FENCE,UNSAT,UNSAT,not seen,not seen,not seen
isa2_TB_1_02_SCOPE_DEVICE_FENCE_SCOPE_DEVICE_THREAD_1_FENCE,UNSAT,UNSAT,not seen,not seen,not seen
isa2_TB_1_02_SCOPE_DEVICE_FENCE_SCOPE_DEVICE_THREAD_2_FENCE_ACQ,SAT,SAT,not seen,not seen,not seen
isa2_TB_1_02_SCOPE_DEVICE_FENCE_SCOPE_DEVICE_THREAD_2_FENCE_REL,SAT,SAT,not seen,not seen,not seen
isa2_TB_1_02_SCOPE_DEVICE_NO_FENCE_ACQUIRE,SAT,SAT,not seen,not seen,not seen
isa2_TB_1_02_SCOPE_DEVICE_NO_FENCE_RELAXED,SAT,SAT,seen,seen,seen
isa2_TB_1_02_SCOPE_DEVICE_NO_FENCE_RELEASE,SAT,SAT,not seen,not seen,not seen
paper_example1_TB_0_1_2_3_SCOPE_DEVICE_NO_FENCE_DISALLOWED,SAT,SAT,not seen,not seen,not seen
paper_example1_TB_0_1_2_3_SCOPE_DEVICE_NO_FENCE_RELAXED,SAT,SAT,seen,seen,seen
paper_example2_TB_0_1_2_3_SCOPE_DEVICE_NO_FENCE_DISALLOWED,SAT,SAT,not seen,not seen,not seen
paper_example2_TB_0_1_2_3_SCOPE_DEVICE_NO_FENCE_RELAXED,SAT,SAT,seen,seen,seen
rwc_TB_012_SCOPE_BLOCK_FENCE_SCOPE_BLOCK_BOTH_FENCE,SAT,SAT,not seen,not seen,not seen
rwc_TB_012_SCOPE_BLOCK_FENCE_SCOPE_BLOCK_THREAD_1_FENCE_LOAD_SC,SAT,SAT,not seen,not seen,not seen
rwc_TB_012_SCOPE_BLOCK_FENCE_SCOPE_BLOCK_THREAD_1_FENCE_STORE_SC,SAT,SAT,not seen,not seen,not seen
rwc_TB_012_SCOPE_BLOCK_FENCE_SCOPE_BLOCK_THREAD_2_FENCE,SAT,SAT,not seen,not seen,not seen
rwc_TB_012_SCOPE_BLOCK_FENCE_SCOPE_DEVICE_BOTH_FENCE,SAT,SAT,not seen,not seen,not seen
rwc_TB_012_SCOPE_BLOCK_FENCE_SCOPE_DEVICE_THREAD_1_FENCE_LOAD_SC,SAT,SAT,not seen,not seen,not seen
rwc_TB_012_SCOPE_BLOCK_FENCE_SCOPE_DEVICE_THREAD_1_FENCE_STORE_SC,SAT,SAT,not seen,not seen,not seen
rwc_TB_012_SCOPE_BLOCK_FENCE_SCOPE_DEVICE_THREAD_2_FENCE,SAT,SAT,not seen,not seen,not seen
rwc_TB_012_SCOPE_BLOCK_NO_FENCE_LOAD_SC,SAT,SAT,not seen,not seen,not seen
rwc_TB_012_SCOPE_BLOCK_NO_FENCE_RELAXED,SAT,SAT,not seen,not seen,not seen
rwc_TB_012_SCOPE_BLOCK_NO_FENCE_STORE_SC,SAT,SAT,not seen,not seen,not seen
rwc_TB_012_SCOPE_DEVICE_FENCE_SCOPE_BLOCK_BOTH_FENCE,SAT,SAT,not seen,not seen,not seen
rwc_TB_012_SCOPE_DEVICE_FENCE_SCOPE_BLOCK_THREAD_1_FENCE_LOAD_SC,SAT,SAT,not seen,not seen,not seen
rwc_TB_012_SCOPE_DEVICE_FENCE_SCOPE_BLOCK_THREAD_1_FENCE_STORE_SC,SAT,SAT,not seen,not seen,not seen
rwc_TB_012_SCOPE_DEVICE_FENCE_SCOPE_BLOCK_THREAD_2_FENCE,SAT,SAT,not seen,not seen,not seen
rwc_TB_012_SCOPE_DEVICE_FENCE_SCOPE_DEVICE_BOTH_FENCE,SAT,SAT,not seen,not seen,not seen
rwc_TB_012_SCOPE_DEVICE_FENCE_SCOPE_DEVICE_THREAD_1_FENCE_LOAD_SC,SAT,SAT,not seen,not seen,not seen
rwc_TB_012_SCOPE_DEVICE_FENCE_SCOPE_DEVICE_THREAD_1_FENCE_STORE_SC,SAT,SAT,not seen,not seen,not seen
rwc_TB_012_SCOPE_DEVICE_FENCE_SCOPE_DEVICE_THREAD_2_FENCE,SAT,SAT,not seen,not seen,not seen
rwc_TB_012_SCOPE_DEVICE_NO_FENCE_LOAD_SC,SAT,SAT,not seen,not seen,not seen
rwc_TB_012_SCOPE_DEVICE_NO_FENCE_RELAXED,SAT,SAT,not seen,not seen,not seen
rwc_TB_012_SCOPE_DEVICE_NO_FENCE_STORE_SC,SAT,SAT,not seen,not seen,not seen
rwc_TB_01_2_SCOPE_BLOCK_FENCE_SCOPE_BLOCK_BOTH_FENCE,SAT,SAT,seen,seen,seen
rwc_TB_01_2_SCOPE_BLOCK_FENCE_SCOPE_BLOCK_THREAD_1_FENCE_LOAD_SC,SAT,SAT,seen,seen,seen
rwc_TB_01_2_SCOPE_BLOCK_FENCE_SCOPE_BLOCK_THREAD_1_FENCE_STORE_SC,SAT,SAT,seen,seen,seen
rwc_TB_01_2_SCOPE_BLOCK_FENCE_SCOPE_BLOCK_THREAD_2_FENCE,SAT,SAT,seen,seen,seen
rwc_TB_01_2_SCOPE_BLOCK_FENCE_SCOPE_DEVICE_BOTH_FENCE,SAT,SAT,not seen,not seen,not seen
rwc_TB_01_2_SCOPE_BLOCK_FENCE_SCOPE_DEVICE_THREAD_1_FENCE_LOAD_SC,SAT,SAT,seen,seen,seen
rwc_TB_01_2_SCOPE_BLOCK_FENCE_SCOPE_DEVICE_THREAD_1_FENCE_STORE_SC,SAT,SAT,seen,seen,seen
rwc_TB_01_2_SCOPE_BLOCK_FENCE_SCOPE_DEVICE_THREAD_2_FENCE,SAT,SAT,seen,seen,seen
rwc_TB_01_2_SCOPE_BLOCK_NO_FENCE_LOAD_SC,SAT,SAT,seen,seen,seen
rwc_TB_01_2_SCOPE_BLOCK_NO_FENCE_RELAXED,SAT,SAT,seen,seen,seen
rwc_TB_01_2_SCOPE_BLOCK_NO_FENCE_STORE_SC,SAT,SAT,seen,seen,seen
rwc_TB_01_2_SCOPE_DEVICE_FENCE_SCOPE_BLOCK_BOTH_FENCE,SAT,SAT,seen,seen,seen
rwc_TB_01_2_SCOPE_DEVICE_FENCE_SCOPE_BLOCK_THREAD_1_FENCE_LOAD_SC,SAT,SAT,seen,seen,not seen
rwc_TB_01_2_SCOPE_DEVICE_FENCE_SCOPE_BLOCK_THREAD_1_FENCE_STORE_SC,SAT,SAT,seen,seen,seen
rwc_TB_01_2_SCOPE_DEVICE_FENCE_SCOPE_BLOCK_THREAD_2_FENCE,SAT,SAT,seen,seen,seen
rwc_TB_01_2_SCOPE_DEVICE_FENCE_SCOPE_DEVICE_BOTH_FENCE,SAT,SAT,not seen,not seen,not seen
rwc_TB_01_2_SCOPE_DEVICE_FENCE_SCOPE_DEVICE_THREAD_1_FENCE_LOAD_SC,SAT,SAT,not seen,not seen,not seen
rwc_TB_01_2_SCOPE_DEVICE_FENCE_SCOPE_DEVICE_THREAD_1_FENCE_STORE_SC,SAT,SAT,seen,seen,seen
rwc_TB_01_2_SCOPE_DEVICE_FENCE_SCOPE_DEVICE_THREAD_2_FENCE,SAT,SAT,not seen,not seen,not seen
rwc_TB_01_2_SCOPE_DEVICE_NO_FENCE_LOAD_SC,SAT,SAT,not seen,not seen,not seen
rwc_TB_01_2_SCOPE_DEVICE_NO_FENCE_RELAXED,SAT,SAT,seen,seen,seen
rwc_TB_01_2_SCOPE_DEVICE_NO_FENCE_STORE_SC,SAT,SAT,seen,seen,seen
rwc_TB_0_12_SCOPE_BLOCK_FENCE_SCOPE_BLOCK_BOTH_FENCE,SAT,SAT,not seen,not seen,not seen
rwc_TB_0_12_SCOPE_BLOCK_FENCE_SCOPE_BLOCK_THREAD_1_FENCE_LOAD_SC,SAT,SAT,not seen,not seen,not seen
rwc_TB_0_12_SCOPE_BLOCK_FENCE_SCOPE_BLOCK_THREAD_1_FENCE_STORE_SC,SAT,SAT,not seen,not seen,not seen
rwc_TB_0_12_SCOPE_BLOCK_FENCE_SCOPE_BLOCK_THREAD_2_FENCE,SAT,SAT,not seen,not seen,not seen
rwc_TB_0_12_SCOPE_BLOCK_FENCE_SCOPE_DEVICE_BOTH_FENCE,SAT,SAT,not seen,not seen,not seen
rwc_TB_0_12_SCOPE_BLOCK_FENCE_SCOPE_DEVICE_THREAD_1_FENCE_LOAD_SC,SAT,SAT,not seen,not seen,not seen
rwc_TB_0_12_SCOPE_BLOCK_FENCE_SCOPE_DEVICE_THREAD_1_FENCE_STORE_SC,SAT,SAT,not seen,not seen,not seen
rwc_TB_0_12_SCOPE_BLOCK_FENCE_SCOPE_DEVICE_THREAD_2_FENCE,SAT,SAT,not seen,not seen,not seen
rwc_TB_0_12_SCOPE_BLOCK_NO_FENCE_LOAD_SC,SAT,SAT,not seen,not seen,not seen
rwc_TB_0_12_SCOPE_BLOCK_NO_FENCE_RELAXED,SAT,SAT,not seen,not seen,not seen
rwc_TB_0_12_SCOPE_BLOCK_NO_FENCE_STORE_SC,SAT,SAT,not seen,not seen,not seen
rwc_TB_0_12_SCOPE_DEVICE_FENCE_SCOPE_BLOCK_BOTH_FENCE,SAT,SAT,not seen,not seen,not seen
rwc_TB_0_12_SCOPE_DEVICE_FENCE_SCOPE_BLOCK_THREAD_1_FENCE_LOAD_SC,SAT,SAT,not seen,not seen,not seen
rwc_TB_0_12_SCOPE_DEVICE_FENCE_SCOPE_BLOCK_THREAD_1_FENCE_STORE_SC,SAT,SAT,not seen,not seen,not seen
rwc_TB_0_12_SCOPE_DEVICE_FENCE_SCOPE_BLOCK_THREAD_2_FENCE,SAT,SAT,not seen,not seen,not seen
rwc_TB_0_12_SCOPE_DEVICE_FENCE_SCOPE_DEVICE_BOTH_FENCE,SAT,SAT,not seen,not seen,not seen
rwc_TB_0_12_SCOPE_DEVICE_FENCE_SCOPE_DEVICE_THREAD_1_FENCE_LOAD_SC,SAT,SAT,not seen,not seen,not seen
rwc_TB_0_12_SCOPE_DEVICE_FENCE_SCOPE_DEVICE_THREAD_1_FENCE_STORE_SC,SAT,SAT,not seen,not seen,not seen
rwc_TB_0_12_SCOPE_DEVICE_FENCE_SCOPE_DEVICE_THREAD_2_FENCE,SAT,SAT,not seen,not seen,not seen
rwc_TB_0_12_SCOPE_DEVICE_NO_FENCE_LOAD_SC,SAT,SAT,not seen,not seen,not seen
rwc_TB_0_12_SCOPE_DEVICE_NO_FENCE_RELAXED,SAT,SAT,not seen,not seen,not seen
rwc_TB_0_12_SCOPE_DEVICE_NO_FENCE_STORE_SC,SAT,SAT,not seen,not seen,not seen
rwc_TB_0_1_2_SCOPE_BLOCK_FENCE_SCOPE_BLOCK_BOTH_FENCE,SAT,SAT,seen,seen,seen
rwc_TB_0_1_2_SCOPE_BLOCK_FENCE_SCOPE_BLOCK_THREAD_1_FENCE_LOAD_SC,SAT,SAT,seen,seen,seen
rwc_TB_0_1_2_SCOPE_BLOCK_FENCE_SCOPE_BLOCK_THREAD_1_FENCE_STORE_SC,SAT,SAT,seen,seen,seen
rwc_TB_0_1_2_SCOPE_BLOCK_FENCE_SCOPE_BLOCK_THREAD_2_FENCE,SAT,SAT,seen,seen,seen
rwc_TB_0_1_2_SCOPE_BLOCK_FENCE_SCOPE_DEVICE_BOTH_FENCE,SAT,SAT,not seen,not seen,not seen
rwc_TB_0_1_2_SCOPE_BLOCK_FENCE_SCOPE_DEVICE_THREAD_1_FENCE_LOAD_SC,SAT,SAT,seen,seen,seen
rwc_TB_0_1_2_SCOPE_BLOCK_FENCE_SCOPE_DEVICE_THREAD_1_FENCE_STORE_SC,SAT,SAT,seen,seen,seen
rwc_TB_0_1_2_SCOPE_BLOCK_FENCE_SCOPE_DEVICE_THREAD_2_FENCE,SAT,SAT,seen,seen,seen
rwc_TB_0_1_2_SCOPE_BLOCK_NO_FENCE_LOAD_SC,SAT,SAT,seen,seen,seen
rwc_TB_0_1_2_SCOPE_BLOCK_NO_FENCE_RELAXED,SAT,SAT,seen,seen,seen
rwc_TB_0_1_2_SCOPE_BLOCK_NO_FENCE_STORE_SC,SAT,SAT,seen,seen,seen
rwc_TB_0_1_2_SCOPE_DEVICE_FENCE_SCOPE_BLOCK_BOTH_FENCE,SAT,SAT,seen,seen,seen
rwc_TB_0_1_2_SCOPE_DEVICE_FENCE_SCOPE_BLOCK_THREAD_1_FENCE_LOAD_SC,SAT,SAT,seen,seen,not seen
rwc_TB_0_1_2_SCOPE_DEVICE_FENCE_SCOPE_BLOCK_THREAD_1_FENCE_STORE_SC,SAT,SAT,seen,seen,seen
rwc_TB_0_1_2_SCOPE_DEVICE_FENCE_SCOPE_BLOCK_THREAD_2_FENCE,SAT,SAT,seen,seen,seen
rwc_TB_0_1_2_SCOPE_DEVICE_FENCE_SCOPE_DEVICE_BOTH_FENCE,SAT,SAT,not seen,not seen,not seen
rwc_TB_0_1_2_SCOPE_DEVICE_FENCE_SCOPE_DEVICE_THREAD_1_FENCE_LOAD_SC,SAT,SAT,not seen,not seen,not seen
rwc_TB_0_1_2_SCOPE_DEVICE_FENCE_SCOPE_DEVICE_THREAD_1_FENCE_STORE_SC,SAT,SAT,seen,seen,not seen
rwc_TB_0_1_2_SCOPE_DEVICE_FENCE_SCOPE_DEVICE_THREAD_2_FENCE,SAT,SAT,not seen,not seen,not seen
rwc_TB_0_1_2_SCOPE_DEVICE_NO_FENCE_LOAD_SC,SAT,SAT,not seen,not seen,not seen
rwc_TB_0_1_2_SCOPE_DEVICE_NO_FENCE_RELAXED,SAT,SAT,seen,seen,seen
rwc_TB_0_1_2_SCOPE_DEVICE_NO_FENCE_STORE_SC,SAT,SAT,seen,seen,seen
rwc_TB_1_02_SCOPE_BLOCK_FENCE_SCOPE_BLOCK_BOTH_FENCE,SAT,SAT,seen,seen,seen
rwc_TB_1_02_SCOPE_BLOCK_FENCE_SCOPE_BLOCK_THREAD_1_FENCE_LOAD_SC,SAT,SAT,seen,seen,seen
rwc_TB_1_02_SCOPE_BLOCK_FENCE_SCOPE_BLOCK_THREAD_1_FENCE_STORE_SC,SAT,SAT,seen,seen,seen
rwc_TB_1_02_SCOPE_BLOCK_FENCE_SCOPE_BLOCK_THREAD_2_FENCE,SAT,SAT,seen,seen,seen
rwc_TB_1_02_SCOPE_BLOCK_FENCE_SCOPE_DEVICE_BOTH_FENCE,SAT,SAT,not seen,not seen,not seen
rwc_TB_1_02_SCOPE_BLOCK_FENCE_SCOPE_DEVICE_THREAD_1_FENCE_LOAD_SC,SAT,SAT,seen,seen,not seen
rwc_TB_1_02_SCOPE_BLOCK_FENCE_SCOPE_DEVICE_THREAD_1_FENCE_STORE_SC,SAT,SAT,seen,seen,seen
rwc_TB_1_02_SCOPE_BLOCK_FENCE_SCOPE_DEVICE_THREAD_2_FENCE,SAT,SAT,seen,seen,not seen
rwc_TB_1_02_SCOPE_BLOCK_NO_FENCE_LOAD_SC,SAT,SAT,seen,seen,seen
rwc_TB_1_02_SCOPE_BLOCK_NO_FENCE_RELAXED,SAT,SAT,seen,seen,seen
rwc_TB_1_02_SCOPE_BLOCK_NO_FENCE_STORE_SC,SAT,SAT,seen,seen,seen
rwc_TB_1_02_SCOPE_DEVICE_FENCE_SCOPE_BLOCK_BOTH_FENCE,SAT,SAT,seen,seen,seen
rwc_TB_1_02_SCOPE_DEVICE_FENCE_SCOPE_BLOCK_THREAD_1_FENCE_LOAD_SC,SAT,SAT,seen,seen,not seen
rwc_TB_1_02_SCOPE_DEVICE_FENCE_SCOPE_BLOCK_THREAD_1_FENCE_STORE_SC,SAT,SAT,seen,seen,seen
rwc_TB_1_02_SCOPE_DEVICE_FENCE_SCOPE_BLOCK_THREAD_2_FENCE,SAT,SAT,seen,seen,seen
rwc_TB_1_02_SCOPE_DEVICE_FENCE_SCOPE_DEVICE_BOTH_FENCE,SAT,SAT,not seen,not seen,not seen
rwc_TB_1_02_SCOPE_DEVICE_FENCE_SCOPE_DEVICE_THREAD_1_FENCE_LOAD_SC,SAT,SAT,not seen,not seen,not seen
rwc_TB_1_02_SCOPE_DEVICE_FENCE_SCOPE_DEVICE_THREAD_1_FENCE_STORE_SC,SAT,SAT,seen,not seen,not seen
rwc_TB_1_02_SCOPE_DEVICE_FENCE_SCOPE_DEVICE_THREAD_2_FENCE,SAT,SAT,not seen,not seen,not seen
rwc_TB_1_02_SCOPE_DEVICE_NO_FENCE_LOAD_SC,SAT,SAT,not seen,not seen,not seen
rwc_TB_1_02_SCOPE_DEVICE_NO_FENCE_RELAXED,SAT,SAT,seen,seen,seen
rwc_TB_1_02_SCOPE_DEVICE_NO_FENCE_STORE_SC,SAT,SAT,seen,seen,seen
three_2w_TB_012_SCOPE_BLOCK_FENCE_SCOPE_BLOCK_ALL_FENCE,SAT,SAT,not seen,not seen,not seen
three_2w_TB_012_SCOPE_BLOCK_FENCE_SCOPE_BLOCK_FENCE_0,SAT,SAT,not seen,not seen,not seen
three_2w_TB_012_SCOPE_BLOCK_FENCE_SCOPE_BLOCK_FENCE_01,SAT,SAT,not seen,not seen,not seen
three_2w_TB_012_SCOPE_BLOCK_FENCE_SCOPE_BLOCK_FENCE_02,SAT,SAT,not seen,not seen,not seen
three_2w_TB_012_SCOPE_BLOCK_FENCE_SCOPE_BLOCK_FENCE_1,SAT,SAT,not seen,not seen,not seen
three_2w_TB_012_SCOPE_BLOCK_FENCE_SCOPE_BLOCK_FENCE_12,SAT,SAT,not seen,not seen,not seen
three_2w_TB_012_SCOPE_BLOCK_FENCE_SCOPE_BLOCK_FENCE_2,SAT,SAT,not seen,not seen,not seen
three_2w_TB_012_SCOPE_BLOCK_FENCE_SCOPE_DEVICE_ALL_FENCE,SAT,SAT,not seen,not seen,not seen
three_2w_TB_012_SCOPE_BLOCK_FENCE_SCOPE_DEVICE_FENCE_0,SAT,SAT,not seen,not seen,not seen
three_2w_TB_012_SCOPE_BLOCK_FENCE_SCOPE_DEVICE_FENCE_01,SAT,SAT,not seen,not seen,not seen
three_2w_TB_012_SCOPE_BLOCK_FENCE_SCOPE_DEVICE_FENCE_02,SAT,SAT,not seen,not seen,not seen
three_2w_TB_012_SCOPE_BLOCK_FENCE_SCOPE_DEVICE_FENCE_1,SAT,SAT,not seen,not seen,not seen
three_2w_TB_012_SCOPE_BLOCK_FENCE_SCOPE_DEVICE_FENCE_12,SAT,SAT,not seen,not seen,not seen
three_2w_TB_012_SCOPE_BLOCK_FENCE_SCOPE_DEVICE_FENCE_2,SAT,SAT,not seen,not seen,not seen
three_2w_TB_012_SCOPE_BLOCK_NO_FENCE_RELAXED,SAT,SAT,not seen,not seen,not seen
three_2w_TB_012_SCOPE_BLOCK_NO_FENCE_RELEASE,SAT,UNSAT,not seen,not seen,not seen
three_2w_TB_012_SCOPE_DEVICE_FENCE_SCOPE_BLOCK_ALL_FENCE,SAT,SAT,not seen,not seen,not seen
three_2w_TB_012_SCOPE_DEVICE_FENCE_SCOPE_BLOCK_FENCE_0,SAT,SAT,not seen,not seen,not seen
three_2w_TB_012_SCOPE_DEVICE_FENCE_SCOPE_BLOCK_FENCE_01,SAT,SAT,not seen,not seen,not seen
three_2w_TB_012_SCOPE_DEVICE_FENCE_SCOPE_BLOCK_FENCE_02,SAT,SAT,not seen,not seen,not seen
three_2w_TB_012_SCOPE_DEVICE_FENCE_SCOPE_BLOCK_FENCE_1,SAT,SAT,not seen,not seen,not seen
three_2w_TB_012_SCOPE_DEVICE_FENCE_SCOPE_BLOCK_FENCE_12,SAT,SAT,not seen,not seen,not seen
three_2w_TB_012_SCOPE_DEVICE_FENCE_SCOPE_BLOCK_FENCE_2,SAT,SAT,not seen,not seen,not seen
three_2w_TB_012_SCOPE_DEVICE_FENCE_SCOPE_DEVICE_ALL_FENCE,SAT,SAT,not seen,not seen,not seen
three_2w_TB_012_SCOPE_DEVICE_FENCE_SCOPE_DEVICE_FENCE_0,SAT,SAT,not seen,not seen,not seen
three_2w_TB_012_SCOPE_DEVICE_FENCE_SCOPE_DEVICE_FENCE_01,SAT,SAT,not seen,not seen,not seen
three_2w_TB_012_SCOPE_DEVICE_FENCE_SCOPE_DEVICE_FENCE_02,SAT,SAT,not seen,not seen,not seen
three_2w_TB_012_SCOPE_DEVICE_FENCE_SCOPE_DEVICE_FENCE_1,SAT,SAT,not seen,not seen,not seen
three_2w_TB_012_SCOPE_DEVICE_FENCE_SCOPE_DEVICE_FENCE_12,SAT,SAT,not seen,not seen,not seen
three_2w_TB_012_SCOPE_DEVICE_FENCE_SCOPE_DEVICE_FENCE_2,SAT,SAT,not seen,not seen,not seen
three_2w_TB_012_SCOPE_DEVICE_NO_FENCE_RELAXED,SAT,SAT,not seen,not seen,not seen
three_2w_TB_012_SCOPE_DEVICE_NO_FENCE_RELEASE,SAT,UNSAT,not seen,not seen,not seen
three_2w_TB_01_2_SCOPE_BLOCK_FENCE_SCOPE_BLOCK_ALL_FENCE,SAT,SAT,seen,seen,seen
three_2w_TB_01_2_SCOPE_BLOCK_FENCE_SCOPE_BLOCK_FENCE_0,SAT,SAT,seen,seen,seen
three_2w_TB_01_2_SCOPE_BLOCK_FENCE_SCOPE_BLOCK_FENCE_01,SAT,SAT,seen,seen,seen
three_2w_TB_01_2_SCOPE_BLOCK_FENCE_SCOPE_BLOCK_FENCE_02,SAT,SAT,seen,seen,seen
three_2w_TB_01_2_SCOPE_BLOCK_FENCE_SCOPE_BLOCK_FENCE_1,SAT,SAT,seen,seen,seen
three_2w_TB_01_2_SCOPE_BLOCK_FENCE_SCOPE_BLOCK_FENCE_12,SAT,SAT,seen,seen,seen
three_2w_TB_01_2_SCOPE_BLOCK_FENCE_SCOPE_BLOCK_FENCE_2,SAT,SAT,seen,seen,seen
three_2w_TB_01_2_SCOPE_BLOCK_FENCE_SCOPE_DEVICE_ALL_FENCE,SAT,SAT,not seen,not seen,not seen
three_2w_TB_01_2_SCOPE_BLOCK_FENCE_SCOPE_DEVICE_FENCE_0,SAT,SAT,seen,seen,seen
three_2w_TB_01_2_SCOPE_BLOCK_FENCE_SCOPE_DEVICE_FENCE_01,SAT,SAT,seen,seen,seen
three_2w_TB_01_2_SCOPE_BLOCK_FENCE_SCOPE_DEVICE_FENCE_02,SAT,SAT,not seen,not seen,not seen
three_2w_TB_01_2_SCOPE_BLOCK_FENCE_SCOPE_DEVICE_FENCE_1,SAT,SAT,seen,seen,seen
three_2w_TB_01_2_SCOPE_BLOCK_FENCE_SCOPE_DEVICE_FENCE_12,SAT,SAT,not seen,not seen,not seen
three_2w_TB_01_2_SCOPE_BLOCK_FENCE_SCOPE_DEVICE_FENCE_2,SAT,SAT,seen,seen,seen
three_2w_TB_01_2_SCOPE_BLOCK_NO_FENCE_RELAXED,SAT,SAT,seen,seen,seen
three_2w_TB_01_2_SCOPE_BLOCK_NO_FENCE_RELEASE,SAT,SAT,seen,seen,seen
three_2w_TB_01_2_SCOPE_DEVICE_FENCE_SCOPE_BLOCK_ALL_FENCE,SAT,SAT,seen,seen,seen
three_2w_TB_01_2_SCOPE_DEVICE_FENCE_SCOPE_BLOCK_FENCE_0,SAT,SAT,not seen,not seen,not seen
three_2w_TB_01_2_SCOPE_DEVICE_FENCE_SCOPE_BLOCK_FENCE_01,SAT,SAT,seen,seen,seen
three_2w_TB_01_2_SCOPE_DEVICE_FENCE_SCOPE_BLOCK_FENCE_02,SAT,SAT,seen,seen,seen
three_2w_TB_01_2_SCOPE_DEVICE_FENCE_SCOPE_BLOCK_FENCE_1,SAT,SAT,not seen,not seen,not seen
three_2w_TB_01_2_SCOPE_DEVICE_FENCE_SCOPE_BLOCK_FENCE_12,SAT,SAT,seen,seen,seen
three_2w_TB_01_2_SCOPE_DEVICE_FENCE_SCOPE_BLOCK_FENCE_2,SAT,SAT,seen,seen,seen
three_2w_TB_01_2_SCOPE_DEVICE_FENCE_SCOPE_DEVICE_ALL_FENCE,SAT,SAT,not seen,not seen,not seen
three_2w_TB_01_2_SCOPE_DEVICE_FENCE_SCOPE_DEVICE_FENCE_0,SAT,SAT,not seen,not seen,not seen
three_2w_TB_01_2_SCOPE_DEVICE_FENCE_SCOPE_DEVICE_FENCE_01,SAT,SAT,not seen,not seen,not seen
three_2w_TB_01_2_SCOPE_DEVICE_FENCE_SCOPE_DEVICE_FENCE_02,SAT,SAT,not seen,not seen,not seen
three_2w_TB_01_2_SCOPE_DEVICE_FENCE_SCOPE_DEVICE_FENCE_1,SAT,SAT,not seen,not seen,not seen
three_2w_TB_01_2_SCOPE_DEVICE_FENCE_SCOPE_DEVICE_FENCE_12,SAT,SAT,not seen,not seen,not seen
three_2w_TB_01_2_SCOPE_DEVICE_FENCE_SCOPE_DEVICE_FENCE_2,SAT,SAT,not seen,not seen,not seen
three_2w_TB_01_2_SCOPE_DEVICE_NO_FENCE_RELAXED,SAT,SAT,seen,seen,seen
three_2w_TB_01_2_SCOPE_DEVICE_NO_FENCE_RELEASE,SAT,UNSAT,not seen,not seen,not seen
three_2w_TB_0_12_SCOPE_BLOCK_FENCE_SCOPE_BLOCK_ALL_FENCE,SAT,SAT,seen,seen,seen
three_2w_TB_0_12_SCOPE_BLOCK_FENCE_SCOPE_BLOCK_FENCE_0,SAT,SAT,seen,seen,seen
three_2w_TB_0_12_SCOPE_BLOCK_FENCE_SCOPE_BLOCK_FENCE_01,SAT,SAT,seen,seen,seen
three_2w_TB_0_12_SCOPE_BLOCK_FENCE_SCOPE_BLOCK_FENCE_02,SAT,SAT,seen,seen,seen
three_2w_TB_0_12_SCOPE_BLOCK_FENCE_SCOPE_BLOCK_FENCE_1,SAT,SAT,seen,seen,seen
three_2w_TB_0_12_SCOPE_BLOCK_FENCE_SCOPE_BLOCK_FENCE_12,SAT,SAT,seen,seen,seen
three_2w_TB_0_12_SCOPE_BLOCK_FENCE_SCOPE_BLOCK_FENCE_2,SAT,SAT,seen,seen,seen
three_2w_TB_0_12_SCOPE_BLOCK_FENCE_SCOPE_DEVICE_ALL_FENCE,SAT,SAT,not seen,not seen,not seen
three_2w_TB_0_12_SCOPE_BLOCK_FENCE_SCOPE_DEVICE_FENCE_0,SAT,SAT,seen,seen,seen
three_2w_TB_0_12_SCOPE_BLOCK_FENCE_SCOPE_DEVICE_FENCE_01,SAT,SAT,not seen,not seen,not seen
three_2w_TB_0_12_SCOPE_BLOCK_FENCE_SCOPE_DEVICE_FENCE_02,SAT,SAT,not seen,not seen,not seen
three_2w_TB_0_12_SCOPE_BLOCK_FENCE_SCOPE_DEVICE_FENCE_1,SAT,SAT,seen,seen,seen
three_2w_TB_0_12_SCOPE_BLOCK_FENCE_SCOPE_DEVICE_FENCE_12,SAT,SAT,seen,seen,seen
three_2w_TB_0_12_SCOPE_BLOCK_FENCE_SCOPE_DEVICE_FENCE_2,SAT,SAT,seen,seen,seen
three_2w_TB_0_12_SCOPE_BLOCK_NO_FENCE_RELAXED,SAT,SAT,seen,seen,seen
three_2w_TB_0_12_SCOPE_BLOCK_NO_FENCE_RELEASE,SAT,SAT,seen,seen,seen
three_2w_TB_0_12_SCOPE_DEVICE_FENCE_SCOPE_BLOCK_ALL_FENCE,SAT,SAT,seen,seen,seen
three_2w_TB_0_12_SCOPE_DEVICE_FENCE_SCOPE_BLOCK_FENCE_0,SAT,SAT,seen,seen,seen
three_2w_TB_0_12_SCOPE_DEVICE_FENCE_SCOPE_BLOCK_FENCE_01,SAT,SAT,seen,seen,seen
three_2w_TB_0_12_SCOPE_DEVICE_FENCE_SCOPE_BLOCK_FENCE_02,SAT,SAT,seen,seen,seen
three_2w_TB_0_12_SCOPE_DEVICE_FENCE_SCOPE_BLOCK_FENCE_1,SAT,SAT,not seen,not seen,not seen
three_2w_TB_0_12_SCOPE_DEVICE_FENCE_SCOPE_BLOCK_FENCE_12,SAT,SAT,seen,seen,seen
three_2w_TB_0_12_SCOPE_DEVICE_FENCE_SCOPE_BLOCK_FENCE_2,SAT,SAT,not seen,not seen,not seen
three_2w_TB_0_12_SCOPE_DEVICE_FENCE_SCOPE_DEVICE_ALL_FENCE,SAT,SAT,not seen,not seen,not seen
three_2w_TB_0_12_SCOPE_DEVICE_FENCE_SCOPE_DEVICE_FENCE_0,SAT,SAT,not seen,not seen,not seen
three_2w_TB_0_12_SCOPE_DEVICE_FENCE_SCOPE_DEVICE_FENCE_01,SAT,SAT,not seen,not seen,not seen
three_2w_TB_0_12_SCOPE_DEVICE_FENCE_SCOPE_DEVICE_FENCE_02,SAT,SAT,not seen,not seen,not seen
three_2w_TB_0_12_SCOPE_DEVICE_FENCE_SCOPE_DEVICE_FENCE_1,SAT,SAT,not seen,not seen,not seen
three_2w_TB_0_12_SCOPE_DEVICE_FENCE_SCOPE_DEVICE_FENCE_12,SAT,SAT,not seen,not seen,not seen
three_2w_TB_0_12_SCOPE_DEVICE_FENCE_SCOPE_DEVICE_FENCE_2,SAT,SAT,not seen,not seen,not seen
three_2w_TB_0_12_SCOPE_DEVICE_NO_FENCE_RELAXED,SAT,SAT,seen,seen,seen
three_2w_TB_0_12_SCOPE_DEVICE_NO_FENCE_RELEASE,SAT,UNSAT,not seen,not seen,not seen
three_2w_TB_0_1_2_SCOPE_BLOCK_FENCE_SCOPE_BLOCK_ALL_FENCE,SAT,SAT,seen,seen,seen
three_2w_TB_0_1_2_SCOPE_BLOCK_FENCE_SCOPE_BLOCK_FENCE_0,SAT,SAT,seen,seen,seen
three_2w_TB_0_1_2_SCOPE_BLOCK_FENCE_SCOPE_BLOCK_FENCE_01,SAT,SAT,seen,seen,seen
three_2w_TB_0_1_2_SCOPE_BLOCK_FENCE_SCOPE_BLOCK_FENCE_02,SAT,SAT,seen,seen,seen
three_2w_TB_0_1_2_SCOPE_BLOCK_FENCE_SCOPE_BLOCK_FENCE_1,SAT,SAT,seen,seen,seen
three_2w_TB_0_1_2_SCOPE_BLOCK_FENCE_SCOPE_BLOCK_FENCE_12,SAT,SAT,seen,seen,seen
three_2w_TB_0_1_2_SCOPE_BLOCK_FENCE_SCOPE_BLOCK_FENCE_2,SAT,SAT,seen,seen,seen
three_2w_TB_0_1_2_SCOPE_BLOCK_FENCE_SCOPE_DEVICE_ALL_FENCE,SAT,SAT,not seen,not seen,not seen
three_2w_TB_0_1_2_SCOPE_BLOCK_FENCE_SCOPE_DEVICE_FENCE_0,SAT,SAT,seen,seen,seen
three_2w_TB_0_1_2_SCOPE_BLOCK_FENCE_SCOPE_DEVICE_FENCE_01,SAT,SAT,seen,seen,not seen
three_2w_TB_0_1_2_SCOPE_BLOCK_FENCE_SCOPE_DEVICE_FENCE_02,SAT,SAT,seen,seen,not seen
three_2w_TB_0_1_2_SCOPE_BLOCK_FENCE_SCOPE_DEVICE_FENCE_1,SAT,SAT,seen,seen,seen
three_2w_TB_0_1_2_SCOPE_BLOCK_FENCE_SCOPE_DEVICE_FENCE_12,SAT,SAT,seen,seen,seen
three_2w_TB_0_1_2_SCOPE_BLOCK_FENCE_SCOPE_DEVICE_FENCE_2,SAT,SAT,seen,seen,seen
three_2w_TB_0_1_2_SCOPE_BLOCK_NO_FENCE_RELAXED,SAT,SAT,seen,seen,seen
three_2w_TB_0_1_2_SCOPE_BLOCK_NO_FENCE_RELEASE,SAT,SAT,seen,seen,seen
three_2w_TB_0_1_2_SCOPE_DEVICE_FENCE_SCOPE_BLOCK_ALL_FENCE,SAT,SAT,seen,seen,seen
three_2w_TB_0_1_2_SCOPE_DEVICE_FENCE_SCOPE_BLOCK_FENCE_0,SAT,SAT,seen,seen,seen
three_2w_TB_0_1_2_SCOPE_DEVICE_FENCE_SCOPE_BLOCK_FENCE_01,SAT,SAT,seen,seen,seen
three_2w_TB_0_1_2_SCOPE_DEVICE_FENCE_SCOPE_BLOCK_FENCE_02,SAT,SAT,seen,seen,seen
three_2w_TB_0_1_2_SCOPE_DEVICE_FENCE_SCOPE_BLOCK_FENCE_1,SAT,SAT,seen,seen,not seen
three_2w_TB_0_1_2_SCOPE_DEVICE_FENCE_SCOPE_BLOCK_FENCE_12,SAT,SAT,seen,seen,seen
three_2w_TB_0_1_2_SCOPE_DEVICE_FENCE_SCOPE_BLOCK_FENCE_2,SAT,SAT,seen,seen,seen
three_2w_TB_0_1_2_SCOPE_DEVICE_FENCE_SCOPE_DEVICE_ALL_FENCE,SAT,SAT,not seen,not seen,not seen
three_2w_TB_0_1_2_SCOPE_DEVICE_FENCE_SCOPE_DEVICE_FENCE_0,SAT,SAT,not seen,not seen,not seen
three_2w_TB_0_1_2_SCOPE_DEVICE_FENCE_SCOPE_DEVICE_FENCE_01,SAT,SAT,not seen,not seen,not seen
three_2w_TB_0_1_2_SCOPE_DEVICE_FENCE_SCOPE_DEVICE_FENCE_02,SAT,SAT,not seen,not seen,not seen
three_2w_TB_0_1_2_SCOPE_DEVICE_FENCE_SCOPE_DEVICE_FENCE_1,SAT,SAT,not seen,not seen,not seen
three_2w_TB_0_1_2_SCOPE_DEVICE_FENCE_SCOPE_DEVICE_FENCE_12,SAT,SAT,not seen,not seen,not seen
three_2w_TB_0_1_2_SCOPE_DEVICE_FENCE_SCOPE_DEVICE_FENCE_2,SAT,SAT,not seen,not seen,not seen
three_2w_TB_0_1_2_SCOPE_DEVICE_NO_FENCE_RELAXED,SAT,SAT,seen,seen,seen
three_2w_TB_0_1_2_SCOPE_DEVICE_NO_FENCE_RELEASE,SAT,UNSAT,not seen,not seen,not seen
three_2w_TB_1_02_SCOPE_BLOCK_FENCE_SCOPE_BLOCK_ALL_FENCE,SAT,SAT,seen,seen,seen
three_2w_TB_1_02_SCOPE_BLOCK_FENCE_SCOPE_BLOCK_FENCE_0,SAT,SAT,seen,seen,seen
three_2w_TB_1_02_SCOPE_BLOCK_FENCE_SCOPE_BLOCK_FENCE_01,SAT,SAT,seen,seen,seen
three_2w_TB_1_02_SCOPE_BLOCK_FENCE_SCOPE_BLOCK_FENCE_02,SAT,SAT,seen,seen,seen
three_2w_TB_1_02_SCOPE_BLOCK_FENCE_SCOPE_BLOCK_FENCE_1,SAT,SAT,seen,seen,seen
three_2w_TB_1_02_SCOPE_BLOCK_FENCE_SCOPE_BLOCK_FENCE_12,SAT,SAT,seen,seen,seen
three_2w_TB_1_02_SCOPE_BLOCK_FENCE_SCOPE_BLOCK_FENCE_2,SAT,SAT,seen,seen,seen
three_2w_TB_1_02_SCOPE_BLOCK_FENCE_SCOPE_DEVICE_ALL_FENCE,SAT,SAT,not seen,not seen,not seen
three_2w_TB_1_02_SCOPE_BLOCK_FENCE_SCOPE_DEVICE_FENCE_0,SAT,SAT,seen,seen,not seen
three_2w_TB_1_02_SCOPE_BLOCK_FENCE_SCOPE_DEVICE_FENCE_01,SAT,SAT,not seen,not seen,not seen
three_2w_TB_1_02_SCOPE_BLOCK_FENCE_SCOPE_DEVICE_FENCE_02,SAT,SAT,seen,seen,not seen
three_2w_TB_1_02_SCOPE_BLOCK_FENCE_SCOPE_DEVICE_FENCE_1,SAT,SAT,seen,seen,not seen
three_2w_TB_1_02_SCOPE_BLOCK_FENCE_SCOPE_DEVICE_FENCE_12,SAT,SAT,not seen,not seen,not seen
three_2w_TB_1_02_SCOPE_BLOCK_FENCE_SCOPE_DEVICE_FENCE_2,SAT,SAT,seen,seen,seen
three_2w_TB_1_02_SCOPE_BLOCK_NO_FENCE_RELAXED,SAT,SAT,seen,seen,seen
three_2w_TB_1_02_SCOPE_BLOCK_NO_FENCE_RELEASE,SAT,SAT,seen,seen,seen
three_2w_TB_1_02_SCOPE_DEVICE_FENCE_SCOPE_BLOCK_ALL_FENCE,SAT,SAT,seen,seen,seen
three_2w_TB_1_02_SCOPE_DEVICE_FENCE_SCOPE_BLOCK_FENCE_0,SAT,SAT,not seen,not seen,not seen
three_2w_TB_1_02_SCOPE_DEVICE_FENCE_SCOPE_BLOCK_FENCE_01,SAT,SAT,seen,seen,seen
three_2w_TB_1_02_SCOPE_DEVICE_FENCE_SCOPE_BLOCK_FENCE_02,SAT,SAT,seen,seen,seen
three_2w_TB_1_02_SCOPE_DEVICE_FENCE_SCOPE_BLOCK_FENCE_1,SAT,SAT,seen,not seen,not seen
three_2w_TB_1_02_SCOPE_DEVICE_FENCE_SCOPE_BLOCK_FENCE_12,SAT,SAT,seen,seen,not seen
three_2w_TB_1_02_SCOPE_DEVICE_FENCE_SCOPE_BLOCK_FENCE_2,SAT,SAT,not seen,not seen,not seen
three_2w_TB_1_02_SCOPE_DEVICE_FENCE_SCOPE_DEVICE_ALL_FENCE,SAT,SAT,not seen,not seen,not seen
three_2w_TB_1_02_SCOPE_DEVICE_FENCE_SCOPE_DEVICE_FENCE_0,SAT,SAT,not seen,not seen,not seen
three_2w_TB_1_02_SCOPE_DEVICE_FENCE_SCOPE_DEVICE_FENCE_01,SAT,SAT,not seen,not seen,not seen
three_2w_TB_1_02_SCOPE_DEVICE_FENCE_SCOPE_DEVICE_FENCE_02,SAT,SAT,not seen,not seen,not seen
three_2w_TB_1_02_SCOPE_DEVICE_FENCE_SCOPE_DEVICE_FENCE_1,SAT,SAT,not seen,not seen,not seen
three_2w_TB_1_02_SCOPE_DEVICE_FENCE_SCOPE_DEVICE_FENCE_12,SAT,SAT,not seen,not seen,not seen
three_2w_TB_1_02_SCOPE_DEVICE_FENCE_SCOPE_DEVICE_FENCE_2,SAT,SAT,not seen,not seen,not seen
three_2w_TB_1_02_SCOPE_DEVICE_NO_FENCE_RELAXED,SAT,SAT,seen,seen,seen
three_2w_TB_1_02_SCOPE_DEVICE_NO_FENCE_RELEASE,SAT,UNSAT,not seen,not seen,not seen
two_2w_TB_01_SCOPE_BLOCK_FENCE_SCOPE_BLOCK_BOTH_FENCE,SAT,SAT,not seen,not seen,not seen
two_2w_TB_01_SCOPE_BLOCK_FENCE_SCOPE_BLOCK_FENCE_0,SAT,SAT,not seen,not seen,not seen
two_2w_TB_01_SCOPE_BLOCK_FENCE_SCOPE_BLOCK_FENCE_1,SAT,SAT,not seen,not seen,not seen
two_2w_TB_01_SCOPE_BLOCK_FENCE_SCOPE_DEVICE_BOTH_FENCE,SAT,SAT,not seen,not seen,not seen
two_2w_TB_01_SCOPE_BLOCK_FENCE_SCOPE_DEVICE_FENCE_0,SAT,SAT,not seen,not seen,not seen
two_2w_TB_01_SCOPE_BLOCK_FENCE_SCOPE_DEVICE_FENCE_1,SAT,SAT,not seen,not seen,not seen
two_2w_TB_01_SCOPE_BLOCK_NO_FENCE_RELAXED,SAT,SAT,not seen,not seen,not seen
two_2w_TB_01_SCOPE_BLOCK_NO_FENCE_RELEASE,SAT,UNSAT,not seen,not seen,not seen
two_2w_TB_01_SCOPE_DEVICE_FENCE_SCOPE_BLOCK_BOTH_FENCE,SAT,SAT,not seen,not seen,not seen
two_2w_TB_01_SCOPE_DEVICE_FENCE_SCOPE_BLOCK_FENCE_0,SAT,SAT,not seen,not seen,not seen
two_2w_TB_01_SCOPE_DEVICE_FENCE_SCOPE_BLOCK_FENCE_1,SAT,SAT,not seen,not seen,not seen
two_2w_TB_01_SCOPE_DEVICE_FENCE_SCOPE_DEVICE_BOTH_FENCE,SAT,SAT,not seen,not seen,not seen
two_2w_TB_01_SCOPE_DEVICE_FENCE_SCOPE_DEVICE_FENCE_0,SAT,SAT,not seen,not seen,not seen
two_2w_TB_01_SCOPE_DEVICE_FENCE_SCOPE_DEVICE_FENCE_1,SAT,SAT,not seen,not seen,not seen
two_2w_TB_01_SCOPE_DEVICE_NO_FENCE_RELAXED,SAT,SAT,not seen,not seen,not seen
two_2w_TB_01_SCOPE_DEVICE_NO_FENCE_RELEASE,SAT,UNSAT,not seen,not seen,not seen
two_2w_TB_0_1_SCOPE_BLOCK_FENCE_SCOPE_BLOCK_BOTH_FENCE,SAT,SAT,seen,seen,seen
two_2w_TB_0_1_SCOPE_BLOCK_FENCE_SCOPE_BLOCK_FENCE_0,SAT,SAT,seen,seen,seen
two_2w_TB_0_1_SCOPE_BLOCK_FENCE_SCOPE_BLOCK_FENCE_1,SAT,SAT,seen,seen,seen
two_2w_TB_0_1_SCOPE_BLOCK_FENCE_SCOPE_DEVICE_BOTH_FENCE,SAT,SAT,not seen,not seen,not seen
two_2w_TB_0_1_SCOPE_BLOCK_FENCE_SCOPE_DEVICE_FENCE_0,SAT,SAT,seen,seen,seen
two_2w_TB_0_1_SCOPE_BLOCK_FENCE_SCOPE_DEVICE_FENCE_1,SAT,SAT,seen,seen,seen
two_2w_TB_0_1_SCOPE_BLOCK_NO_FENCE_RELAXED,SAT,SAT,seen,seen,seen
two_2w_TB_0_1_SCOPE_BLOCK_NO_FENCE_RELEASE,SAT,SAT,seen,seen,seen
two_2w_TB_0_1_SCOPE_DEVICE_FENCE_SCOPE_BLOCK_BOTH_FENCE,SAT,SAT,seen,seen,seen
two_2w_TB_0_1_SCOPE_DEVICE_FENCE_SCOPE_BLOCK_FENCE_0,SAT,SAT,seen,seen,seen
two_2w_TB_0_1_SCOPE_DEVICE_FENCE_SCOPE_BLOCK_FENCE_1,SAT,SAT,seen,seen,seen
two_2w_TB_0_1_SCOPE_DEVICE_FENCE_SCOPE_DEVICE_BOTH_FENCE,SAT,SAT,not seen,not seen,not seen
two_2w_TB_0_1_SCOPE_DEVICE_FENCE_SCOPE_DEVICE_FENCE_0,SAT,SAT,not seen,not seen,not seen
two_2w_TB_0_1_SCOPE_DEVICE_FENCE_SCOPE_DEVICE_FENCE_1,SAT,SAT,not seen,not seen,not seen
two_2w_TB_0_1_SCOPE_DEVICE_NO_FENCE_RELAXED,SAT,SAT,seen,seen,seen
two_2w_TB_0_1_SCOPE_DEVICE_NO_FENCE_RELEASE,SAT,UNSAT,not seen,not seen,not seen
wrc_TB_012_SCOPE_BLOCK_FENCE_SCOPE_BLOCK_BOTH_FENCE,UNSAT,UNSAT,not seen,not seen,not seen
wrc_TB_012_SCOPE_BLOCK_FENCE_SCOPE_BLOCK_THREAD_1_FENCE,UNSAT,UNSAT,not seen,not seen,not seen
wrc_TB_012_SCOPE_BLOCK_FENCE_SCOPE_BLOCK_THREAD_2_FENCE_ACQ,SAT,SAT,not seen,not seen,not seen
wrc_TB_012_SCOPE_BLOCK_FENCE_SCOPE_BLOCK_THREAD_2_FENCE_REL,UNSAT,UNSAT,not seen,not seen,not seen
wrc_TB_012_SCOPE_BLOCK_FENCE_SCOPE_DEVICE_BOTH_FENCE,UNSAT,UNSAT,not seen,not seen,not seen
wrc_TB_012_SCOPE_BLOCK_FENCE_SCOPE_DEVICE_THREAD_1_FENCE,UNSAT,UNSAT,not seen,not seen,not seen
wrc_TB_012_SCOPE_BLOCK_FENCE_SCOPE_DEVICE_THREAD_2_FENCE_ACQ,SAT,SAT,not seen,not seen,not seen
wrc_TB_012_SCOPE_BLOCK_FENCE_SCOPE_DEVICE_THREAD_2_FENCE_REL,UNSAT,UNSAT,not seen,not seen,not seen
wrc_TB_012_SCOPE_BLOCK_NO_FENCE_ACQUIRE,SAT,SAT,not seen,not seen,not seen
wrc_TB_012_SCOPE_BLOCK_NO_FENCE_RELAXED,SAT,SAT,not seen,not seen,not seen
wrc_TB_012_SCOPE_BLOCK_NO_FENCE_RELEASE,UNSAT,UNSAT,not seen,not seen,not seen
wrc_TB_012_SCOPE_DEVICE_FENCE_SCOPE_BLOCK_BOTH_FENCE,UNSAT,UNSAT,not seen,not seen,not seen
wrc_TB_012_SCOPE_DEVICE_FENCE_SCOPE_BLOCK_THREAD_1_FENCE,UNSAT,UNSAT,not seen,not seen,not seen
wrc_TB_012_SCOPE_DEVICE_FENCE_SCOPE_BLOCK_THREAD_2_FENCE_ACQ,SAT,SAT,not seen,not seen,not seen
wrc_TB_012_SCOPE_DEVICE_FENCE_SCOPE_BLOCK_THREAD_2_FENCE_REL,UNSAT,UNSAT,not seen,not seen,not seen
wrc_TB_012_SCOPE_DEVICE_FENCE_SCOPE_DEVICE_BOTH_FENCE,UNSAT,UNSAT,not seen,not seen,not seen
wrc_TB_012_SCOPE_DEVICE_FENCE_SCOPE_DEVICE_THREAD_1_FENCE,UNSAT,UNSAT,not seen,not seen,not seen
wrc_TB_012_SCOPE_DEVICE_FENCE_SCOPE_DEVICE_THREAD_2_FENCE_ACQ,SAT,SAT,not seen,not seen,not seen
wrc_TB_012_SCOPE_DEVICE_FENCE_SCOPE_DEVICE_THREAD_2_FENCE_REL,UNSAT,UNSAT,not seen,not seen,not seen
wrc_TB_012_SCOPE_DEVICE_NO_FENCE_ACQUIRE,SAT,SAT,not seen,not seen,not seen
wrc_TB_012_SCOPE_DEVICE_NO_FENCE_RELAXED,SAT,SAT,not seen,not seen,not seen
wrc_TB_012_SCOPE_DEVICE_NO_FENCE_RELEASE,UNSAT,UNSAT,not seen,not seen,not seen
wrc_TB_01_2_SCOPE_BLOCK_FENCE_SCOPE_BLOCK_BOTH_FENCE,SAT,SAT,seen,seen,seen
wrc_TB_01_2_SCOPE_BLOCK_FENCE_SCOPE_BLOCK_THREAD_1_FENCE,SAT,SAT,seen,seen,seen
wrc_TB_01_2_SCOPE_BLOCK_FENCE_SCOPE_BLOCK_THREAD_2_FENCE_ACQ,SAT,SAT,seen,seen,seen
wrc_TB_01_2_SCOPE_BLOCK_FENCE_SCOPE_BLOCK_THREAD_2_FENCE_REL,SAT,SAT,seen,seen,seen
wrc_TB_01_2_SCOPE_BLOCK_FENCE_SCOPE_DEVICE_BOTH_FENCE,SAT,SAT,not seen,not seen,not seen
wrc_TB_01_2_SCOPE_BLOCK_FENCE_SCOPE_DEVICE_THREAD_1_FENCE,SAT,SAT,seen,seen,not seen
wrc_TB_01_2_SCOPE_BLOCK_FENCE_SCOPE_DEVICE_THREAD_2_FENCE_ACQ,SAT,SAT,seen,seen,seen
wrc_TB_01_2_SCOPE_BLOCK_FENCE_SCOPE_DEVICE_THREAD_2_FENCE_REL,SAT,SAT,seen,seen,seen
wrc_TB_01_2_SCOPE_BLOCK_NO_FENCE_ACQUIRE,SAT,SAT,seen,seen,seen
wrc_TB_01_2_SCOPE_BLOCK_NO_FENCE_RELAXED,SAT,SAT,seen,seen,seen
wrc_TB_01_2_SCOPE_BLOCK_NO_FENCE_RELEASE,SAT,SAT,seen,seen,seen
wrc_TB_01_2_SCOPE_DEVICE_FENCE_SCOPE_BLOCK_BOTH_FENCE,SAT,SAT,seen,seen,not seen
wrc_TB_01_2_SCOPE_DEVICE_FENCE_SCOPE_BLOCK_THREAD_1_FENCE,SAT,SAT,seen,seen,not seen
wrc_TB_01_2_SCOPE_DEVICE_FENCE_SCOPE_BLOCK_THREAD_2_FENCE_ACQ,SAT,SAT,seen,seen,not seen
wrc_TB_01_2_SCOPE_DEVICE_FENCE_SCOPE_BLOCK_THREAD_2_FENCE_REL,SAT,SAT,seen,seen,not seen
wrc_TB_01_2_SCOPE_DEVICE_FENCE_SCOPE_DEVICE_BOTH_FENCE,UNSAT,UNSAT,not seen,not seen,not seen
wrc_TB_01_2_SCOPE_DEVICE_FENCE_SCOPE_DEVICE_THREAD_1_FENCE,UNSAT,UNSAT,not seen,not seen,not seen
wrc_TB_01_2_SCOPE_DEVICE_FENCE_SCOPE_DEVICE_THREAD_2_FENCE_ACQ,SAT,SAT,not seen,not seen,not seen
wrc_TB_01_2_SCOPE_DEVICE_FENCE_SCOPE_DEVICE_THREAD_2_FENCE_REL,UNSAT,UNSAT,not seen,not seen,not seen
wrc_TB_01_2_SCOPE_DEVICE_NO_FENCE_ACQUIRE,SAT,SAT,not seen,not seen,not seen
wrc_TB_01_2_SCOPE_DEVICE_NO_FENCE_RELAXED,SAT,SAT,seen,seen,seen
wrc_TB_01_2_SCOPE_DEVICE_NO_FENCE_RELEASE,UNSAT,UNSAT,not seen,not seen,not seen
wrc_TB_0_12_SCOPE_BLOCK_FENCE_SCOPE_BLOCK_BOTH_FENCE,SAT,SAT,not seen,not seen,not seen
wrc_TB_0_12_SCOPE_BLOCK_FENCE_SCOPE_BLOCK_THREAD_1_FENCE,SAT,SAT,not seen,not seen,not seen
wrc_TB_0_12_SCOPE_BLOCK_FENCE_SCOPE_BLOCK_THREAD_2_FENCE_ACQ,SAT,SAT,not seen,not seen,not seen
wrc_TB_0_12_SCOPE_BLOCK_FENCE_SCOPE_BLOCK_THREAD_2_FENCE_REL,SAT,SAT,not seen,not seen,not seen
wrc_TB_0_12_SCOPE_BLOCK_FENCE_SCOPE_DEVICE_BOTH_FENCE,SAT,SAT,not seen,not seen,not seen
wrc_TB_0_12_SCOPE_BLOCK_FENCE_SCOPE_DEVICE_THREAD_1_FENCE,SAT,SAT,not seen,not seen,not seen
wrc_TB_0_12_SCOPE_BLOCK_FENCE_SCOPE_DEVICE_THREAD_2_FENCE_ACQ,SAT,SAT,not seen,not seen,not seen
wrc_TB_0_12_SCOPE_BLOCK_FENCE_SCOPE_DEVICE_THREAD_2_FENCE_REL,SAT,SAT,not seen,not seen,not seen
wrc_TB_0_12_SCOPE_BLOCK_NO_FENCE_ACQUIRE,SAT,SAT,not seen,not seen,not seen
wrc_TB_0_12_SCOPE_BLOCK_NO_FENCE_RELAXED,SAT,SAT,not seen,not seen,not seen
wrc_TB_0_12_SCOPE_BLOCK_NO_FENCE_RELEASE,SAT,SAT,not seen,not seen,not seen
wrc_TB_0_12_SCOPE_DEVICE_FENCE_SCOPE_BLOCK_BOTH_FENCE,UNSAT,UNSAT,not seen,not seen,not seen
wrc_TB_0_12_SCOPE_DEVICE_FENCE_SCOPE_BLOCK_THREAD_1_FENCE,UNSAT,UNSAT,not seen,not seen,not seen
wrc_TB_0_12_SCOPE_DEVICE_FENCE_SCOPE_BLOCK_THREAD_2_FENCE_ACQ,SAT,SAT,not seen,not seen,not seen
wrc_TB_0_12_SCOPE_DEVICE_FENCE_SCOPE_BLOCK_THREAD_2_FENCE_REL,UNSAT,UNSAT,not seen,not seen,not seen
wrc_TB_0_12_SCOPE_DEVICE_FENCE_SCOPE_DEVICE_BOTH_FENCE,UNSAT,UNSAT,not seen,not seen,not seen
wrc_TB_0_12_SCOPE_DEVICE_FENCE_SCOPE_DEVICE_THREAD_1_FENCE,UNSAT,UNSAT,not seen,not seen,not seen
wrc_TB_0_12_SCOPE_DEVICE_FENCE_SCOPE_DEVICE_THREAD_2_FENCE_ACQ,SAT,SAT,not seen,not seen,not seen
wrc_TB_0_12_SCOPE_DEVICE_FENCE_SCOPE_DEVICE_THREAD_2_FENCE_REL,UNSAT,UNSAT,not seen,not seen,not seen
wrc_TB_0_12_SCOPE_DEVICE_NO_FENCE_ACQUIRE,SAT,SAT,not seen,not seen,not seen
wrc_TB_0_12_SCOPE_DEVICE_NO_FENCE_RELAXED,SAT,SAT,not seen,not seen,not seen
wrc_TB_0_12_SCOPE_DEVICE_NO_FENCE_RELEASE,UNSAT,UNSAT,not seen,not seen,not seen
wrc_TB_0_1_2_SCOPE_BLOCK_FENCE_SCOPE_BLOCK_BOTH_FENCE,SAT,SAT,seen,seen,seen
wrc_TB_0_1_2_SCOPE_BLOCK_FENCE_SCOPE_BLOCK_THREAD_1_FENCE,SAT,SAT,seen,seen,seen
wrc_TB_0_1_2_SCOPE_BLOCK_FENCE_SCOPE_BLOCK_THREAD_2_FENCE_ACQ,SAT,SAT,seen,seen,seen
wrc_TB_0_1_2_SCOPE_BLOCK_FENCE_SCOPE_BLOCK_THREAD_2_FENCE_REL,SAT,SAT,seen,seen,seen
wrc_TB_0_1_2_SCOPE_BLOCK_FENCE_SCOPE_DEVICE_BOTH_FENCE,SAT,SAT,not seen,not seen,not seen
wrc_TB_0_1_2_SCOPE_BLOCK_FENCE_SCOPE_DEVICE_THREAD_1_FENCE,SAT,SAT,seen,not seen,not seen
wrc_TB_0_1_2_SCOPE_BLOCK_FENCE_SCOPE_DEVICE_THREAD_2_FENCE_ACQ,SAT,SAT,seen,seen,not seen
wrc_TB_0_1_2_SCOPE_BLOCK_FENCE_SCOPE_DEVICE_THREAD_2_FENCE_REL,SAT,SAT,seen,seen,seen
wrc_TB_0_1_2_SCOPE_BLOCK_NO_FENCE_ACQUIRE,SAT,SAT,seen,seen,seen
wrc_TB_0_1_2_SCOPE_BLOCK_NO_FENCE_RELAXED,SAT,SAT,seen,seen,seen
wrc_TB_0_1_2_SCOPE_BLOCK_NO_FENCE_RELEASE,SAT,SAT,seen,seen,seen
wrc_TB_0_1_2_SCOPE_DEVICE_FENCE_SCOPE_BLOCK_BOTH_FENCE,SAT,SAT,seen,seen,not seen
wrc_TB_0_1_2_SCOPE_DEVICE_FENCE_SCOPE_BLOCK_THREAD_1_FENCE,SAT,SAT,seen,seen,not seen
wrc_TB_0_1_2_SCOPE_DEVICE_FENCE_SCOPE_BLOCK_THREAD_2_FENCE_ACQ,SAT,SAT,seen,seen,not seen
wrc_TB_0_1_2_SCOPE_DEVICE_FENCE_SCOPE_BLOCK_THREAD_2_FENCE_REL,SAT,SAT,seen,seen,not seen
wrc_TB_0_1_2_SCOPE_DEVICE_FENCE_SCOPE_DEVICE_BOTH_FENCE,UNSAT,UNSAT,not seen,not seen,not seen
wrc_TB_0_1_2_SCOPE_DEVICE_FENCE_SCOPE_DEVICE_THREAD_1_FENCE,UNSAT,UNSAT,not seen,not seen,not seen
wrc_TB_0_1_2_SCOPE_DEVICE_FENCE_SCOPE_DEVICE_THREAD_2_FENCE_ACQ,SAT,SAT,not seen,not seen,not seen
wrc_TB_0_1_2_SCOPE_DEVICE_FENCE_SCOPE_DEVICE_THREAD_2_FENCE_REL,UNSAT,UNSAT,not seen,not seen,not seen
wrc_TB_0_1_2_SCOPE_DEVICE_NO_FENCE_ACQUIRE,SAT,SAT,not seen,not seen,not seen
wrc_TB_0_1_2_SCOPE_DEVICE_NO_FENCE_RELAXED,SAT,SAT,seen,seen,seen
wrc_TB_0_1_2_SCOPE_DEVICE_NO_FENCE_RELEASE,UNSAT,UNSAT,not seen,not seen,not seen
wrc_TB_1_02_SCOPE_BLOCK_FENCE_SCOPE_BLOCK_BOTH_FENCE,SAT,SAT,seen,seen,not seen
wrc_TB_1_02_SCOPE_BLOCK_FENCE_SCOPE_BLOCK_THREAD_1_FENCE,SAT,SAT,seen,seen,not seen
wrc_TB_1_02_SCOPE_BLOCK_FENCE_SCOPE_BLOCK_THREAD_2_FENCE_ACQ,SAT,SAT,seen,seen,not seen
wrc_TB_1_02_SCOPE_BLOCK_FENCE_SCOPE_BLOCK_THREAD_2_FENCE_REL,SAT,SAT,seen,seen,seen
wrc_TB_1_02_SCOPE_BLOCK_FENCE_SCOPE_DEVICE_BOTH_FENCE,SAT,SAT,not seen,not seen,not seen
wrc_TB_1_02_SCOPE_BLOCK_FENCE_SCOPE_DEVICE_THREAD_1_FENCE,SAT,SAT,not seen,not seen,not seen
wrc_TB_1_02_SCOPE_BLOCK_FENCE_SCOPE_DEVICE_THREAD_2_FENCE_ACQ,SAT,SAT,not seen,not seen,not seen
wrc_TB_1_02_SCOPE_BLOCK_FENCE_SCOPE_DEVICE_THREAD_2_FENCE_REL,SAT,SAT,seen,seen,not seen
wrc_TB_1_02_SCOPE_BLOCK_NO_FENCE_ACQUIRE,SAT,SAT,not seen,not seen,not seen
wrc_TB_1_02_SCOPE_BLOCK_NO_FENCE_RELAXED,SAT,SAT,seen,seen,seen
wrc_TB_1_02_SCOPE_BLOCK_NO_FENCE_RELEASE,SAT,SAT,seen,seen,seen
wrc_TB_1_02_SCOPE_DEVICE_FENCE_SCOPE_BLOCK_BOTH_FENCE,SAT,SAT,seen,seen,not seen
wrc_TB_1_02_SCOPE_DEVICE_FENCE_SCOPE_BLOCK_THREAD_1_FENCE,SAT,SAT,seen,seen,not seen
wrc_TB_1_02_SCOPE_DEVICE_FENCE_SCOPE_BLOCK_THREAD_2_FENCE_ACQ,SAT,SAT,seen,seen,not seen
wrc_TB_1_02_SCOPE_DEVICE_FENCE_SCOPE_BLOCK_THREAD_2_FENCE_REL,SAT,SAT,seen,seen,not seen
wrc_TB_1_02_SCOPE_DEVICE_FENCE_SCOPE_DEVICE_BOTH_FENCE,UNSAT,UNSAT,not seen,not seen,not seen
wrc_TB_1_02_SCOPE_DEVICE_FENCE_SCOPE_DEVICE_THREAD_1_FENCE,UNSAT,UNSAT,not seen,not seen,not seen
wrc_TB_1_02_SCOPE_DEVICE_FENCE_SCOPE_DEVICE_THREAD_2_FENCE_ACQ,SAT,SAT,not seen,not seen,not seen
wrc_TB_1_02_SCOPE_DEVICE_FENCE_SCOPE_DEVICE_THREAD_2_FENCE_REL,UNSAT,UNSAT,not seen,not seen,not seen
wrc_TB_1_02_SCOPE_DEVICE_NO_FENCE_ACQUIRE,SAT,SAT,not seen,not seen,not seen
wrc_TB_1_02_SCOPE_DEVICE_NO_FENCE_RELAXED,SAT,SAT,seen,seen,seen
wrc_TB_1_02_SCOPE_DEVICE_NO_FENCE_RELEASE,UNSAT,UNSAT,not seen,not seen,not seen
wrw_2w_TB_012_SCOPE_BLOCK_FENCE_SCOPE_BLOCK_BOTH_FENCE,SAT,SAT,not seen,not seen,not seen
wrw_2w_TB_012_SCOPE_BLOCK_FENCE_SCOPE_BLOCK_THREAD_1_FENCE,SAT,SAT,not seen,not seen,not seen
wrw_2w_TB_012_SCOPE_BLOCK_FENCE_SCOPE_BLOCK_THREAD_2_FENCE_ACQ,SAT,SAT,not seen,not seen,not seen
wrw_2w_TB_012_SCOPE_BLOCK_FENCE_SCOPE_BLOCK_THREAD_2_FENCE_REL,SAT,SAT,not seen,not seen,not seen
wrw_2w_TB_012_SCOPE_BLOCK_FENCE_SCOPE_DEVICE_BOTH_FENCE,SAT,SAT,not seen,not seen,not seen
wrw_2w_TB_012_SCOPE_BLOCK_FENCE_SCOPE_DEVICE_THREAD_1_FENCE,SAT,SAT,not seen,not seen,not seen
wrw_2w_TB_012_SCOPE_BLOCK_FENCE_SCOPE_DEVICE_THREAD_2_FENCE_ACQ,SAT,SAT,not seen,not seen,not seen
wrw_2w_TB_012_SCOPE_BLOCK_FENCE_SCOPE_DEVICE_THREAD_2_FENCE_REL,SAT,SAT,not seen,not seen,not seen
wrw_2w_TB_012_SCOPE_BLOCK_NO_FENCE_ACQUIRE,SAT,SAT,not seen,not seen,not seen
wrw_2w_TB_012_SCOPE_BLOCK_NO_FENCE_RELAXED,SAT,SAT,not seen,not seen,not seen
wrw_2w_TB_012_SCOPE_BLOCK_NO_FENCE_RELEASE,SAT,SAT,not seen,not seen,not seen
wrw_2w_TB_012_SCOPE_DEVICE_FENCE_SCOPE_BLOCK_BOTH_FENCE,SAT,SAT,not seen,not seen,not seen
wrw_2w_TB_012_SCOPE_DEVICE_FENCE_SCOPE_BLOCK_THREAD_1_FENCE,SAT,SAT,not seen,not seen,not seen
wrw_2w_TB_012_SCOPE_DEVICE_FENCE_SCOPE_BLOCK_THREAD_2_FENCE_ACQ,SAT,SAT,not seen,not seen,not seen
wrw_2w_TB_012_SCOPE_DEVICE_FENCE_SCOPE_BLOCK_THREAD_2_FENCE_REL,SAT,SAT,not seen,not seen,not seen
wrw_2w_TB_012_SCOPE_DEVICE_FENCE_SCOPE_DEVICE_BOTH_FENCE,SAT,SAT,not seen,not seen,not seen
wrw_2w_TB_012_SCOPE_DEVICE_FENCE_SCOPE_DEVICE_THREAD_1_FENCE,SAT,SAT,not seen,not seen,not seen
wrw_2w_TB_012_SCOPE_DEVICE_FENCE_SCOPE_DEVICE_THREAD_2_FENCE_ACQ,SAT,SAT,not seen,not seen,not seen
wrw_2w_TB_012_SCOPE_DEVICE_FENCE_SCOPE_DEVICE_THREAD_2_FENCE_REL,SAT,SAT,not seen,not seen,not seen
wrw_2w_TB_012_SCOPE_DEVICE_NO_FENCE_ACQUIRE,SAT,SAT,not seen,not seen,not seen
wrw_2w_TB_012_SCOPE_DEVICE_NO_FENCE_RELAXED,SAT,SAT,not seen,not seen,not seen
wrw_2w_TB_012_SCOPE_DEVICE_NO_FENCE_RELEASE,SAT,SAT,not seen,not seen,not seen
wrw_2w_TB_01_2_SCOPE_BLOCK_FENCE_SCOPE_BLOCK_BOTH_FENCE,SAT,SAT,seen,seen,seen
wrw_2w_TB_01_2_SCOPE_BLOCK_FENCE_SCOPE_BLOCK_THREAD_1_FENCE,SAT,SAT,seen,seen,seen
wrw_2w_TB_01_2_SCOPE_BLOCK_FENCE_SCOPE_BLOCK_THREAD_2_FENCE_ACQ,SAT,SAT,seen,seen,seen
wrw_2w_TB_01_2_SCOPE_BLOCK_FENCE_SCOPE_BLOCK_THREAD_2_FENCE_REL,SAT,SAT,seen,seen,seen
wrw_2w_TB_01_2_SCOPE_BLOCK_FENCE_SCOPE_DEVICE_BOTH_FENCE,SAT,SAT,not seen,not seen,not seen
wrw_2w_TB_01_2_SCOPE_BLOCK_FENCE_SCOPE_DEVICE_THREAD_1_FENCE,SAT,SAT,seen,seen,seen
wrw_2w_TB_01_2_SCOPE_BLOCK_FENCE_SCOPE_DEVICE_THREAD_2_FENCE_ACQ,SAT,SAT,seen,seen,seen
wrw_2w_TB_01_2_SCOPE_BLOCK_FENCE_SCOPE_DEVICE_THREAD_2_FENCE_REL,SAT,SAT,seen,seen,seen
wrw_2w_TB_01_2_SCOPE_BLOCK_NO_FENCE_ACQUIRE,SAT,SAT,seen,seen,seen
wrw_2w_TB_01_2_SCOPE_BLOCK_NO_FENCE_RELAXED,SAT,SAT,seen,seen,seen
wrw_2w_TB_01_2_SCOPE_BLOCK_NO_FENCE_RELEASE,SAT,SAT,seen,seen,seen
wrw_2w_TB_01_2_SCOPE_DEVICE_FENCE_SCOPE_BLOCK_BOTH_FENCE,SAT,SAT,seen,seen,seen
wrw_2w_TB_01_2_SCOPE_DEVICE_FENCE_SCOPE_BLOCK_THREAD_1_FENCE,SAT,SAT,seen,seen,not seen
wrw_2w_TB_01_2_SCOPE_DEVICE_FENCE_SCOPE_BLOCK_THREAD_2_FENCE_ACQ,SAT,SAT,seen,seen,seen
wrw_2w_TB_01_2_SCOPE_DEVICE_FENCE_SCOPE_BLOCK_THREAD_2_FENCE_REL,SAT,SAT,seen,seen,seen
wrw_2w_TB_01_2_SCOPE_DEVICE_FENCE_SCOPE_DEVICE_BOTH_FENCE,SAT,SAT,not seen,not seen,not seen
wrw_2w_TB_01_2_SCOPE_DEVICE_FENCE_SCOPE_DEVICE_THREAD_1_FENCE,SAT,SAT,not seen,not seen,not seen
wrw_2w_TB_01_2_SCOPE_DEVICE_FENCE_SCOPE_DEVICE_THREAD_2_FENCE_ACQ,SAT,SAT,not seen,not seen,not seen
wrw_2w_TB_01_2_SCOPE_DEVICE_FENCE_SCOPE_DEVICE_THREAD_2_FENCE_REL,SAT,SAT,not seen,not seen,not seen
wrw_2w_TB_01_2_SCOPE_DEVICE_NO_FENCE_ACQUIRE,SAT,SAT,not seen,not seen,not seen
wrw_2w_TB_01_2_SCOPE_DEVICE_NO_FENCE_RELAXED,SAT,SAT,seen,seen,seen
wrw_2w_TB_01_2_SCOPE_DEVICE_NO_FENCE_RELEASE,SAT,SAT,not seen,not seen,not seen
wrw_2w_TB_0_12_SCOPE_BLOCK_FENCE_SCOPE_BLOCK_BOTH_FENCE,SAT,SAT,not seen,not seen,not seen
wrw_2w_TB_0_12_SCOPE_BLOCK_FENCE_SCOPE_BLOCK_THREAD_1_FENCE,SAT,SAT,not seen,not seen,not seen
wrw_2w_TB_0_12_SCOPE_BLOCK_FENCE_SCOPE_BLOCK_THREAD_2_FENCE_ACQ,SAT,SAT,not seen,not seen,not seen
wrw_2w_TB_0_12_SCOPE_BLOCK_FENCE_SCOPE_BLOCK_THREAD_2_FENCE_REL,SAT,SAT,not seen,not seen,not seen
wrw_2w_TB_0_12_SCOPE_BLOCK_FENCE_SCOPE_DEVICE_BOTH_FENCE,SAT,SAT,not seen,not seen,not seen
wrw_2w_TB_0_12_SCOPE_BLOCK_FENCE_SCOPE_DEVICE_THREAD_1_FENCE,SAT,SAT,not seen,not seen,not seen
wrw_2w_TB_0_12_SCOPE_BLOCK_FENCE_SCOPE_DEVICE_THREAD_2_FENCE_ACQ,SAT,SAT,not seen,not seen,not seen
wrw_2w_TB_0_12_SCOPE_BLOCK_FENCE_SCOPE_DEVICE_THREAD_2_FENCE_REL,SAT,SAT,not seen,not seen,not seen
wrw_2w_TB_0_12_SCOPE_BLOCK_NO_FENCE_ACQUIRE,SAT,SAT,not seen,not seen,not seen
wrw_2w_TB_0_12_SCOPE_BLOCK_NO_FENCE_RELAXED,SAT,SAT,not seen,not seen,not seen
wrw_2w_TB_0_12_SCOPE_BLOCK_NO_FENCE_RELEASE,SAT,SAT,not seen,not seen,not seen
wrw_2w_TB_0_12_SCOPE_DEVICE_FENCE_SCOPE_BLOCK_BOTH_FENCE,SAT,SAT,not seen,not seen,not seen
wrw_2w_TB_0_12_SCOPE_DEVICE_FENCE_SCOPE_BLOCK_THREAD_1_FENCE,SAT,SAT,not seen,not seen,not seen
wrw_2w_TB_0_12_SCOPE_DEVICE_FENCE_SCOPE_BLOCK_THREAD_2_FENCE_ACQ,SAT,SAT,not seen,not seen,not seen
wrw_2w_TB_0_12_SCOPE_DEVICE_FENCE_SCOPE_BLOCK_THREAD_2_FENCE_REL,SAT,SAT,not seen,not seen,not seen
wrw_2w_TB_0_12_SCOPE_DEVICE_FENCE_SCOPE_DEVICE_BOTH_FENCE,SAT,SAT,not seen,not seen,not seen
wrw_2w_TB_0_12_SCOPE_DEVICE_FENCE_SCOPE_DEVICE_THREAD_1_FENCE,SAT,SAT,not seen,not seen,not seen
wrw_2w_TB_0_12_SCOPE_DEVICE_FENCE_SCOPE_DEVICE_THREAD_2_FENCE_ACQ,SAT,SAT,not seen,not seen,not seen
wrw_2w_TB_0_12_SCOPE_DEVICE_FENCE_SCOPE_DEVICE_THREAD_2_FENCE_REL,SAT,SAT,not seen,not seen,not seen
wrw_2w_TB_0_12_SCOPE_DEVICE_NO_FENCE_ACQUIRE,SAT,SAT,not seen,not seen,not seen
wrw_2w_TB_0_12_SCOPE_DEVICE_NO_FENCE_RELAXED,SAT,SAT,not seen,not seen,not seen
wrw_2w_TB_0_12_SCOPE_DEVICE_NO_FENCE_RELEASE,SAT,SAT,not seen,not seen,not seen
wrw_2w_TB_0_1_2_SCOPE_BLOCK_FENCE_SCOPE_BLOCK_BOTH_FENCE,SAT,SAT,seen,seen,seen
wrw_2w_TB_0_1_2_SCOPE_BLOCK_FENCE_SCOPE_BLOCK_THREAD_1_FENCE,SAT,SAT,seen,seen,seen
wrw_2w_TB_0_1_2_SCOPE_BLOCK_FENCE_SCOPE_BLOCK_THREAD_2_FENCE_ACQ,SAT,SAT,seen,seen,seen
wrw_2w_TB_0_1_2_SCOPE_BLOCK_FENCE_SCOPE_BLOCK_THREAD_2_FENCE_REL,SAT,SAT,seen,seen,seen
wrw_2w_TB_0_1_2_SCOPE_BLOCK_FENCE_SCOPE_DEVICE_BOTH_FENCE,SAT,SAT,not seen,not seen,not seen
wrw_2w_TB_0_1_2_SCOPE_BLOCK_FENCE_SCOPE_DEVICE_THREAD_1_FENCE,SAT,SAT,seen,seen,seen
wrw_2w_TB_0_1_2_SCOPE_BLOCK_FENCE_SCOPE_DEVICE_THREAD_2_FENCE_ACQ,SAT,SAT,seen,seen,not seen
wrw_2w_TB_0_1_2_SCOPE_BLOCK_FENCE_SCOPE_DEVICE_THREAD_2_FENCE_REL,SAT,SAT,seen,seen,seen
wrw_2w_TB_0_1_2_SCOPE_BLOCK_NO_FENCE_ACQUIRE,SAT,SAT,seen,seen,seen
wrw_2w_TB_0_1_2_SCOPE_BLOCK_NO_FENCE_RELAXED,SAT,SAT,seen,seen,seen
wrw_2w_TB_0_1_2_SCOPE_BLOCK_NO_FENCE_RELEASE,SAT,SAT,seen,seen,seen
wrw_2w_TB_0_1_2_SCOPE_DEVICE_FENCE_SCOPE_BLOCK_BOTH_FENCE,SAT,SAT,seen,seen,seen
wrw_2w_TB_0_1_2_SCOPE_DEVICE_FENCE_SCOPE_BLOCK_THREAD_1_FENCE,SAT,SAT,seen,seen,not seen
wrw_2w_TB_0_1_2_SCOPE_DEVICE_FENCE_SCOPE_BLOCK_THREAD_2_FENCE_ACQ,SAT,SAT,seen,seen,seen
wrw_2w_TB_0_1_2_SCOPE_DEVICE_FENCE_SCOPE_BLOCK_THREAD_2_FENCE_REL,SAT,SAT,seen,seen,seen
wrw_2w_TB_0_1_2_SCOPE_DEVICE_FENCE_SCOPE_DEVICE_BOTH_FENCE,SAT,SAT,not seen,not seen,not seen
wrw_2w_TB_0_1_2_SCOPE_DEVICE_FENCE_SCOPE_DEVICE_THREAD_1_FENCE,SAT,SAT,not seen,not seen,not seen
wrw_2w_TB_0_1_2_SCOPE_DEVICE_FENCE_SCOPE_DEVICE_THREAD_2_FENCE_ACQ,SAT,SAT,not seen,not seen,not seen
wrw_2w_TB_0_1_2_SCOPE_DEVICE_FENCE_SCOPE_DEVICE_THREAD_2_FENCE_REL,SAT,SAT,not seen,not seen,not seen
wrw_2w_TB_0_1_2_SCOPE_DEVICE_NO_FENCE_ACQUIRE,SAT,SAT,not seen,not seen,not seen
wrw_2w_TB_0_1_2_SCOPE_DEVICE_NO_FENCE_RELAXED,SAT,SAT,seen,seen,seen
wrw_2w_TB_0_1_2_SCOPE_DEVICE_NO_FENCE_RELEASE,SAT,SAT,not seen,not seen,not seen
wrw_2w_TB_1_02_SCOPE_BLOCK_FENCE_SCOPE_BLOCK_BOTH_FENCE,SAT,SAT,seen,seen,seen
wrw_2w_TB_1_02_SCOPE_BLOCK_FENCE_SCOPE_BLOCK_THREAD_1_FENCE,SAT,SAT,seen,seen,seen
wrw_2w_TB_1_02_SCOPE_BLOCK_FENCE_SCOPE_BLOCK_THREAD_2_FENCE_ACQ,SAT,SAT,seen,seen,seen
wrw_2w_TB_1_02_SCOPE_BLOCK_FENCE_SCOPE_BLOCK_THREAD_2_FENCE_REL,SAT,SAT,seen,seen,seen
wrw_2w_TB_1_02_SCOPE_BLOCK_FENCE_SCOPE_DEVICE_BOTH_FENCE,SAT,SAT,not seen,not seen,not seen
wrw_2w_TB_1_02_SCOPE_BLOCK_FENCE_SCOPE_DEVICE_THREAD_1_FENCE,SAT,SAT,seen,seen,not seen
wrw_2w_TB_1_02_SCOPE_BLOCK_FENCE_SCOPE_DEVICE_THREAD_2_FENCE_ACQ,SAT,SAT,not seen,not seen,not seen
wrw_2w_TB_1_02_SCOPE_BLOCK_FENCE_SCOPE_DEVICE_THREAD_2_FENCE_REL,SAT,SAT,seen,seen,not seen
wrw_2w_TB_1_02_SCOPE_BLOCK_NO_FENCE_ACQUIRE,SAT,SAT,seen,seen,seen
wrw_2w_TB_1_02_SCOPE_BLOCK_NO_FENCE_RELAXED,SAT,SAT,seen,seen,seen
wrw_2w_TB_1_02_SCOPE_BLOCK_NO_FENCE_RELEASE,SAT,SAT,seen,seen,seen
wrw_2w_TB_1_02_SCOPE_DEVICE_FENCE_SCOPE_BLOCK_BOTH_FENCE,SAT,SAT,seen,seen,seen
wrw_2w_TB_1_02_SCOPE_DEVICE_FENCE_SCOPE_BLOCK_THREAD_1_FENCE,SAT,SAT,seen,seen,not seen
wrw_2w_TB_1_02_SCOPE_DEVICE_FENCE_SCOPE_BLOCK_THREAD_2_FENCE_ACQ,SAT,SAT,seen,seen,seen
wrw_2w_TB_1_02_SCOPE_DEVICE_FENCE_SCOPE_BLOCK_THREAD_2_FENCE_REL,SAT,SAT,seen,seen,not seen
wrw_2w_TB_1_02_SCOPE_DEVICE_FENCE_SCOPE_DEVICE_BOTH_FENCE,SAT,SAT,not seen,not seen,not seen
wrw_2w_TB_1_02_SCOPE_DEVICE_FENCE_SCOPE_DEVICE_THREAD_1_FENCE,SAT,SAT,not seen,not seen,not seen
wrw_2w_TB_1_02_SCOPE_DEVICE_FENCE_SCOPE_DEVICE_THREAD_2_FENCE_ACQ,SAT,SAT,not seen,not seen,not seen
wrw_2w_TB_1_02_SCOPE_DEVICE_FENCE_SCOPE_DEVICE_THREAD_2_FENCE_REL,SAT,SAT,not seen,not seen,not seen
wrw_2w_TB_1_02_SCOPE_DEVICE_NO_FENCE_ACQUIRE,SAT,SAT,not seen,not seen,not seen
wrw_2w_TB_1_02_SCOPE_DEVICE_NO_FENCE_RELAXED,SAT,SAT,seen,seen,seen
wrw_2w_TB_1_02_SCOPE_DEVICE_NO_FENCE_RELEASE,SAT,SAT,not seen,not seen,not seen
wwc_TB_012_SCOPE_BLOCK_FENCE_SCOPE_BLOCK_BOTH_FENCE,UNSAT,UNSAT,not seen,not seen,not seen
wwc_TB_012_SCOPE_BLOCK_FENCE_SCOPE_BLOCK_THREAD_1_FENCE_ACQ,UNSAT,UNSAT,not seen,not seen,not seen
wwc_TB_012_SCOPE_BLOCK_FENCE_SCOPE_BLOCK_THREAD_1_FENCE_REL,SAT,SAT,not seen,not seen,not seen
wwc_TB_012_SCOPE_BLOCK_FENCE_SCOPE_BLOCK_THREAD_2_FENCE_ACQ,SAT,SAT,not seen,not seen,not seen
wwc_TB_012_SCOPE_BLOCK_FENCE_SCOPE_BLOCK_THREAD_2_FENCE_REL,UNSAT,UNSAT,not seen,not seen,not seen
wwc_TB_012_SCOPE_BLOCK_FENCE_SCOPE_DEVICE_BOTH_FENCE,UNSAT,UNSAT,not seen,not seen,not seen
wwc_TB_012_SCOPE_BLOCK_FENCE_SCOPE_DEVICE_THREAD_1_FENCE_ACQ,UNSAT,UNSAT,not seen,not seen,not seen
wwc_TB_012_SCOPE_BLOCK_FENCE_SCOPE_DEVICE_THREAD_1_FENCE_REL,SAT,SAT,not seen,not seen,not seen
wwc_TB_012_SCOPE_BLOCK_FENCE_SCOPE_DEVICE_THREAD_2_FENCE_ACQ,SAT,SAT,not seen,not seen,not seen
wwc_TB_012_SCOPE_BLOCK_FENCE_SCOPE_DEVICE_THREAD_2_FENCE_REL,UNSAT,UNSAT,not seen,not seen,not seen
wwc_TB_012_SCOPE_BLOCK_NO_FENCE_ACQ_ACQ,SAT,SAT,not seen,not seen,not seen
wwc_TB_012_SCOPE_BLOCK_NO_FENCE_ACQ_REL,SAT,SAT,not seen,not seen,not seen
wwc_TB_012_SCOPE_BLOCK_NO_FENCE_RELAXED,SAT,SAT,not seen,not seen,not seen
wwc_TB_012_SCOPE_BLOCK_NO_FENCE_REL_ACQ,UNSAT,UNSAT,not seen,not seen,not seen
wwc_TB_012_SCOPE_BLOCK_NO_FENCE_REL_REL,SAT,SAT,not seen,not seen,not seen
wwc_TB_012_SCOPE_DEVICE_FENCE_SCOPE_BLOCK_BOTH_FENCE,UNSAT,UNSAT,not seen,not seen,not seen
wwc_TB_012_SCOPE_DEVICE_FENCE_SCOPE_BLOCK_THREAD_1_FENCE_ACQ,UNSAT,UNSAT,not seen,not seen,not seen
wwc_TB_012_SCOPE_DEVICE_FENCE_SCOPE_BLOCK_THREAD_1_FENCE_REL,SAT,SAT,not seen,not seen,not seen
wwc_TB_012_SCOPE_DEVICE_FENCE_SCOPE_BLOCK_THREAD_2_FENCE_ACQ,SAT,SAT,not seen,not seen,not seen
wwc_TB_012_SCOPE_DEVICE_FENCE_SCOPE_BLOCK_THREAD_2_FENCE_REL,UNSAT,UNSAT,not seen,not seen,not seen
wwc_TB_012_SCOPE_DEVICE_FENCE_SCOPE_DEVICE_BOTH_FENCE,UNSAT,UNSAT,not seen,not seen,not seen
wwc_TB_012_SCOPE_DEVICE_FENCE_SCOPE_DEVICE_THREAD_1_FENCE_ACQ,UNSAT,UNSAT,not seen,not seen,not seen
wwc_TB_012_SCOPE_DEVICE_FENCE_SCOPE_DEVICE_THREAD_1_FENCE_REL,SAT,SAT,not seen,not seen,not seen
wwc_TB_012_SCOPE_DEVICE_FENCE_SCOPE_DEVICE_THREAD_2_FENCE_ACQ,SAT,SAT,not seen,not seen,not seen
wwc_TB_012_SCOPE_DEVICE_FENCE_SCOPE_DEVICE_THREAD_2_FENCE_REL,UNSAT,UNSAT,not seen,not seen,not seen
wwc_TB_012_SCOPE_DEVICE_NO_FENCE_ACQ_ACQ,SAT,SAT,not seen,not seen,not seen
wwc_TB_012_SCOPE_DEVICE_NO_FENCE_ACQ_REL,SAT,SAT,not seen,not seen,not seen
wwc_TB_012_SCOPE_DEVICE_NO_FENCE_RELAXED,SAT,SAT,not seen,not seen,not seen
wwc_TB_012_SCOPE_DEVICE_NO_FENCE_REL_ACQ,UNSAT,UNSAT,not seen,not seen,not seen
wwc_TB_012_SCOPE_DEVICE_NO_FENCE_REL_REL,SAT,SAT,not seen,not seen,not seen
wwc_TB_01_2_SCOPE_BLOCK_FENCE_SCOPE_BLOCK_BOTH_FENCE,SAT,SAT,seen,seen,seen
wwc_TB_01_2_SCOPE_BLOCK_FENCE_SCOPE_BLOCK_THREAD_1_FENCE_ACQ,SAT,SAT,seen,seen,seen
wwc_TB_01_2_SCOPE_BLOCK_FENCE_SCOPE_BLOCK_THREAD_1_FENCE_REL,SAT,SAT,seen,seen,seen
wwc_TB_01_2_SCOPE_BLOCK_FENCE_SCOPE_BLOCK_THREAD_2_FENCE_ACQ,SAT,SAT,seen,seen,seen
wwc_TB_01_2_SCOPE_BLOCK_FENCE_SCOPE_BLOCK_THREAD_2_FENCE_REL,SAT,SAT,seen,seen,seen
wwc_TB_01_2_SCOPE_BLOCK_FENCE_SCOPE_DEVICE_BOTH_FENCE,SAT,SAT,not seen,not seen,not seen
wwc_TB_01_2_SCOPE_BLOCK_FENCE_SCOPE_DEVICE_THREAD_1_FENCE_ACQ,SAT,SAT,not seen,not seen,not seen
wwc_TB_01_2_SCOPE_BLOCK_FENCE_SCOPE_DEVICE_THREAD_1_FENCE_REL,SAT,SAT,seen,seen,seen
wwc_TB_01_2_SCOPE_BLOCK_FENCE_SCOPE_DEVICE_THREAD_2_FENCE_ACQ,SAT,SAT,seen,seen,seen
wwc_TB_01_2_SCOPE_BLOCK_FENCE_SCOPE_DEVICE_THREAD_2_FENCE_REL,SAT,SAT,seen,seen,seen
wwc_TB_01_2_SCOPE_BLOCK_NO_FENCE_ACQ_ACQ,SAT,SAT,seen,seen,seen
wwc_TB_01_2_SCOPE_BLOCK_NO_FENCE_ACQ_REL,SAT,SAT,seen,seen,seen
wwc_TB_01_2_SCOPE_BLOCK_NO_FENCE_RELAXED,SAT,SAT,seen,seen,seen
wwc_TB_01_2_SCOPE_BLOCK_NO_FENCE_REL_ACQ,SAT,SAT,seen,seen,seen
wwc_TB_01_2_SCOPE_BLOCK_NO_FENCE_REL_REL,SAT,SAT,seen,seen,seen
wwc_TB_01_2_SCOPE_DEVICE_FENCE_SCOPE_BLOCK_BOTH_FENCE,SAT,SAT,seen,seen,not seen
wwc_TB_01_2_SCOPE_DEVICE_FENCE_SCOPE_BLOCK_THREAD_1_FENCE_ACQ,SAT,SAT,seen,seen,not seen
wwc_TB_01_2_SCOPE_DEVICE_FENCE_SCOPE_BLOCK_THREAD_1_FENCE_REL,SAT,SAT,seen,seen,not seen
wwc_TB_01_2_SCOPE_DEVICE_FENCE_SCOPE_BLOCK_THREAD_2_FENCE_ACQ,SAT,SAT,seen,seen,not seen
wwc_TB_01_2_SCOPE_DEVICE_FENCE_SCOPE_BLOCK_THREAD_2_FENCE_REL,SAT,SAT,seen,seen,not seen
wwc_TB_01_2_SCOPE_DEVICE_FENCE_SCOPE_DEVICE_BOTH_FENCE,UNSAT,UNSAT,not seen,not seen,not seen
wwc_TB_01_2_SCOPE_DEVICE_FENCE_SCOPE_DEVICE_THREAD_1_FENCE_ACQ,UNSAT,UNSAT,not seen,not seen,not seen
wwc_TB_01_2_SCOPE_DEVICE_FENCE_SCOPE_DEVICE_THREAD_1_FENCE_REL,SAT,SAT,not seen,not seen,not seen
wwc_TB_01_2_SCOPE_DEVICE_FENCE_SCOPE_DEVICE_THREAD_2_FENCE_ACQ,SAT,SAT,not seen,not seen,not seen
wwc_TB_01_2_SCOPE_DEVICE_FENCE_SCOPE_DEVICE_THREAD_2_FENCE_REL,UNSAT,UNSAT,not seen,not seen,not seen
wwc_TB_01_2_SCOPE_DEVICE_NO_FENCE_ACQ_ACQ,SAT,SAT,not seen,not seen,not seen
wwc_TB_01_2_SCOPE_DEVICE_NO_FENCE_ACQ_REL,SAT,SAT,not seen,not seen,not seen
wwc_TB_01_2_SCOPE_DEVICE_NO_FENCE_RELAXED,SAT,SAT,seen,seen,seen
wwc_TB_01_2_SCOPE_DEVICE_NO_FENCE_REL_ACQ,UNSAT,UNSAT,not seen,not seen,not seen
wwc_TB_01_2_SCOPE_DEVICE_NO_FENCE_REL_REL,SAT,SAT,not seen,not seen,not seen
wwc_TB_0_12_SCOPE_BLOCK_FENCE_SCOPE_BLOCK_BOTH_FENCE,SAT,SAT,not seen,not seen,not seen
wwc_TB_0_12_SCOPE_BLOCK_FENCE_SCOPE_BLOCK_THREAD_1_FENCE_ACQ,SAT,SAT,not seen,not seen,not seen
wwc_TB_0_12_SCOPE_BLOCK_FENCE_SCOPE_BLOCK_THREAD_1_FENCE_REL,SAT,SAT,not seen,not seen,not seen
wwc_TB_0_12_SCOPE_BLOCK_FENCE_SCOPE_BLOCK_THREAD_2_FENCE_ACQ,SAT,SAT,not seen,not seen,not seen
wwc_TB_0_12_SCOPE_BLOCK_FENCE_SCOPE_BLOCK_THREAD_2_FENCE_REL,SAT,SAT,not seen,not seen,not seen
wwc_TB_0_12_SCOPE_BLOCK_FENCE_SCOPE_DEVICE_BOTH_FENCE,SAT,SAT,not seen,not seen,not seen
wwc_TB_0_12_SCOPE_BLOCK_FENCE_SCOPE_DEVICE_THREAD_1_FENCE_ACQ,SAT,SAT,not seen,not seen,not seen
wwc_TB_0_12_SCOPE_BLOCK_FENCE_SCOPE_DEVICE_THREAD_1_FENCE_REL,SAT,SAT,not seen,not seen,not seen
wwc_TB_0_12_SCOPE_BLOCK_FENCE_SCOPE_DEVICE_THREAD_2_FENCE_ACQ,SAT,SAT,not seen,not seen,not seen
wwc_TB_0_12_SCOPE_BLOCK_FENCE_SCOPE_DEVICE_THREAD_2_FENCE_REL,SAT,SAT,not seen,not seen,not seen
wwc_TB_0_12_SCOPE_BLOCK_NO_FENCE_ACQ_ACQ,SAT,SAT,not seen,not seen,not seen
wwc_TB_0_12_SCOPE_BLOCK_NO_FENCE_ACQ_REL,SAT,SAT,not seen,not seen,not seen
wwc_TB_0_12_SCOPE_BLOCK_NO_FENCE_RELAXED,SAT,SAT,not seen,not seen,not seen
wwc_TB_0_12_SCOPE_BLOCK_NO_FENCE_REL_ACQ,SAT,SAT,not seen,not seen,not seen
wwc_TB_0_12_SCOPE_BLOCK_NO_FENCE_REL_REL,SAT,SAT,not seen,not seen,not seen
wwc_TB_0_12_SCOPE_DEVICE_FENCE_SCOPE_BLOCK_BOTH_FENCE,UNSAT,UNSAT,not seen,not seen,not seen
wwc_TB_0_12_SCOPE_DEVICE_FENCE_SCOPE_BLOCK_THREAD_1_FENCE_ACQ,UNSAT,UNSAT,not seen,not seen,not seen
wwc_TB_0_12_SCOPE_DEVICE_FENCE_SCOPE_BLOCK_THREAD_1_FENCE_REL,SAT,SAT,not seen,not seen,not seen
wwc_TB_0_12_SCOPE_DEVICE_FENCE_SCOPE_BLOCK_THREAD_2_FENCE_ACQ,SAT,SAT,not seen,not seen,not seen
wwc_TB_0_12_SCOPE_DEVICE_FENCE_SCOPE_BLOCK_THREAD_2_FENCE_REL,UNSAT,UNSAT,not seen,not seen,not seen
wwc_TB_0_12_SCOPE_DEVICE_FENCE_SCOPE_DEVICE_BOTH_FENCE,UNSAT,UNSAT,not seen,not seen,not seen
wwc_TB_0_12_SCOPE_DEVICE_FENCE_SCOPE_DEVICE_THREAD_1_FENCE_ACQ,UNSAT,UNSAT,not seen,not seen,not seen
wwc_TB_0_12_SCOPE_DEVICE_FENCE_SCOPE_DEVICE_THREAD_1_FENCE_REL,SAT,SAT,not seen,not seen,not seen
wwc_TB_0_12_SCOPE_DEVICE_FENCE_SCOPE_DEVICE_THREAD_2_FENCE_ACQ,SAT,SAT,not seen,not seen,not seen
wwc_TB_0_12_SCOPE_DEVICE_FENCE_SCOPE_DEVICE_THREAD_2_FENCE_REL,UNSAT,UNSAT,not seen,not seen,not seen
wwc_TB_0_12_SCOPE_DEVICE_NO_FENCE_ACQ_ACQ,SAT,SAT,not seen,not seen,not seen
wwc_TB_0_12_SCOPE_DEVICE_NO_FENCE_ACQ_REL,SAT,SAT,not seen,not seen,not seen
wwc_TB_0_12_SCOPE_DEVICE_NO_FENCE_RELAXED,SAT,SAT,not seen,not seen,not seen
wwc_TB_0_12_SCOPE_DEVICE_NO_FENCE_REL_ACQ,UNSAT,UNSAT,not seen,not seen,not seen
wwc_TB_0_12_SCOPE_DEVICE_NO_FENCE_REL_REL,SAT,SAT,not seen,not seen,not seen
wwc_TB_0_1_2_SCOPE_BLOCK_FENCE_SCOPE_BLOCK_BOTH_FENCE,SAT,SAT,seen,seen,seen
wwc_TB_0_1_2_SCOPE_BLOCK_FENCE_SCOPE_BLOCK_THREAD_1_FENCE_ACQ,SAT,SAT,seen,seen,seen
wwc_TB_0_1_2_SCOPE_BLOCK_FENCE_SCOPE_BLOCK_THREAD_1_FENCE_REL,SAT,SAT,seen,seen,seen
wwc_TB_0_1_2_SCOPE_BLOCK_FENCE_SCOPE_BLOCK_THREAD_2_FENCE_ACQ,SAT,SAT,seen,seen,seen
wwc_TB_0_1_2_SCOPE_BLOCK_FENCE_SCOPE_BLOCK_THREAD_2_FENCE_REL,SAT,SAT,seen,seen,seen
wwc_TB_0_1_2_SCOPE_BLOCK_FENCE_SCOPE_DEVICE_BOTH_FENCE,SAT,SAT,not seen,not seen,not seen
wwc_TB_0_1_2_SCOPE_BLOCK_FENCE_SCOPE_DEVICE_THREAD_1_FENCE_ACQ,SAT,SAT,not seen,not seen,not seen
wwc_TB_0_1_2_SCOPE_BLOCK_FENCE_SCOPE_DEVICE_THREAD_1_FENCE_REL,SAT,SAT,seen,seen,seen
wwc_TB_0_1_2_SCOPE_BLOCK_FENCE_SCOPE_DEVICE_THREAD_2_FENCE_ACQ,SAT,SAT,seen,seen,not seen
wwc_TB_0_1_2_SCOPE_BLOCK_FENCE_SCOPE_DEVICE_THREAD_2_FENCE_REL,SAT,SAT,seen,seen,seen
wwc_TB_0_1_2_SCOPE_BLOCK_NO_FENCE_ACQ_ACQ,SAT,SAT,seen,seen,seen
wwc_TB_0_1_2_SCOPE_BLOCK_NO_FENCE_ACQ_REL,SAT,SAT,seen,seen,seen
wwc_TB_0_1_2_SCOPE_BLOCK_NO_FENCE_RELAXED,SAT,SAT,seen,seen,seen
wwc_TB_0_1_2_SCOPE_BLOCK_NO_FENCE_REL_ACQ,SAT,SAT,seen,seen,seen
wwc_TB_0_1_2_SCOPE_BLOCK_NO_FENCE_REL_REL,SAT,SAT,seen,seen,seen
wwc_TB_0_1_2_SCOPE_DEVICE_FENCE_SCOPE_BLOCK_BOTH_FENCE,SAT,SAT,seen,seen,not seen
wwc_TB_0_1_2_SCOPE_DEVICE_FENCE_SCOPE_BLOCK_THREAD_1_FENCE_ACQ,SAT,SAT,seen,seen,not seen
wwc_TB_0_1_2_SCOPE_DEVICE_FENCE_SCOPE_BLOCK_THREAD_1_FENCE_REL,SAT,SAT,seen,seen,not seen
wwc_TB_0_1_2_SCOPE_DEVICE_FENCE_SCOPE_BLOCK_THREAD_2_FENCE_ACQ,SAT,SAT,seen,seen,not seen
wwc_TB_0_1_2_SCOPE_DEVICE_FENCE_SCOPE_BLOCK_THREAD_2_FENCE_REL,SAT,SAT,seen,seen,not seen
wwc_TB_0_1_2_SCOPE_DEVICE_FENCE_SCOPE_DEVICE_BOTH_FENCE,UNSAT,UNSAT,not seen,not seen,not seen
wwc_TB_0_1_2_SCOPE_DEVICE_FENCE_SCOPE_DEVICE_THREAD_1_FENCE_ACQ,UNSAT,UNSAT,not seen,not seen,not seen
wwc_TB_0_1_2_SCOPE_DEVICE_FENCE_SCOPE_DEVICE_THREAD_1_FENCE_REL,SAT,SAT,not seen,not seen,not seen
wwc_TB_0_1_2_SCOPE_DEVICE_FENCE_SCOPE_DEVICE_THREAD_2_FENCE_ACQ,SAT,SAT,not seen,not seen,not seen
wwc_TB_0_1_2_SCOPE_DEVICE_FENCE_SCOPE_DEVICE_THREAD_2_FENCE_REL,UNSAT,UNSAT,not seen,not seen,not seen
wwc_TB_0_1_2_SCOPE_DEVICE_NO_FENCE_ACQ_ACQ,SAT,SAT,not seen,not seen,not seen
wwc_TB_0_1_2_SCOPE_DEVICE_NO_FENCE_ACQ_REL,SAT,SAT,not seen,not seen,not seen
wwc_TB_0_1_2_SCOPE_DEVICE_NO_FENCE_RELAXED,SAT,SAT,seen,seen,seen
wwc_TB_0_1_2_SCOPE_DEVICE_NO_FENCE_REL_ACQ,UNSAT,UNSAT,not seen,not seen,not seen
wwc_TB_0_1_2_SCOPE_DEVICE_NO_FENCE_REL_REL,SAT,SAT,not seen,not seen,not seen
wwc_TB_1_02_SCOPE_BLOCK_FENCE_SCOPE_BLOCK_BOTH_FENCE,SAT,SAT,seen,seen,not seen
wwc_TB_1_02_SCOPE_BLOCK_FENCE_SCOPE_BLOCK_THREAD_1_FENCE_ACQ,SAT,SAT,seen,seen,not seen
wwc_TB_1_02_SCOPE_BLOCK_FENCE_SCOPE_BLOCK_THREAD_1_FENCE_REL,SAT,SAT,seen,seen,seen
wwc_TB_1_02_SCOPE_BLOCK_FENCE_SCOPE_BLOCK_THREAD_2_FENCE_ACQ,SAT,SAT,seen,seen,not seen
wwc_TB_1_02_SCOPE_BLOCK_FENCE_SCOPE_BLOCK_THREAD_2_FENCE_REL,SAT,SAT,seen,seen,seen
wwc_TB_1_02_SCOPE_BLOCK_FENCE_SCOPE_DEVICE_BOTH_FENCE,SAT,SAT,not seen,not seen,not seen
wwc_TB_1_02_SCOPE_BLOCK_FENCE_SCOPE_DEVICE_THREAD_1_FENCE_ACQ,SAT,SAT,not seen,not seen,not seen
wwc_TB_1_02_SCOPE_BLOCK_FENCE_SCOPE_DEVICE_THREAD_1_FENCE_REL,SAT,SAT,seen,seen,not seen
wwc_TB_1_02_SCOPE_BLOCK_FENCE_SCOPE_DEVICE_THREAD_2_FENCE_ACQ,SAT,SAT,not seen,not seen,not seen
wwc_TB_1_02_SCOPE_BLOCK_FENCE_SCOPE_DEVICE_THREAD_2_FENCE_REL,SAT,SAT,seen,seen,seen
wwc_TB_1_02_SCOPE_BLOCK_NO_FENCE_ACQ_ACQ,SAT,SAT,not seen,not seen,not seen
wwc_TB_1_02_SCOPE_BLOCK_NO_FENCE_ACQ_REL,SAT,SAT,seen,seen,seen
wwc_TB_1_02_SCOPE_BLOCK_NO_FENCE_RELAXED,SAT,SAT,seen,seen,seen
wwc_TB_1_02_SCOPE_BLOCK_NO_FENCE_REL_ACQ,SAT,SAT,seen,seen,seen
wwc_TB_1_02_SCOPE_BLOCK_NO_FENCE_REL_REL,SAT,SAT,seen,seen,seen
wwc_TB_1_02_SCOPE_DEVICE_FENCE_SCOPE_BLOCK_BOTH_FENCE,SAT,SAT,seen,seen,not seen
wwc_TB_1_02_SCOPE_DEVICE_FENCE_SCOPE_BLOCK_THREAD_1_FENCE_ACQ,SAT,SAT,seen,seen,not seen
wwc_TB_1_02_SCOPE_DEVICE_FENCE_SCOPE_BLOCK_THREAD_1_FENCE_REL,SAT,SAT,seen,seen,not seen
wwc_TB_1_02_SCOPE_DEVICE_FENCE_SCOPE_BLOCK_THREAD_2_FENCE_ACQ,SAT,SAT,seen,seen,not seen
wwc_TB_1_02_SCOPE_DEVICE_FENCE_SCOPE_BLOCK_THREAD_2_FENCE_REL,SAT,SAT,seen,seen,not seen
wwc_TB_1_02_SCOPE_DEVICE_FENCE_SCOPE_DEVICE_BOTH_FENCE,UNSAT,UNSAT,not seen,not seen,not seen
wwc_TB_1_02_SCOPE_DEVICE_FENCE_SCOPE_DEVICE_THREAD_1_FENCE_ACQ,UNSAT,UNSAT,not seen,not seen,not seen
wwc_TB_1_02_SCOPE_DEVICE_FENCE_SCOPE_DEVICE_THREAD_1_FENCE_REL,SAT,SAT,not seen,not seen,not seen
wwc_TB_1_02_SCOPE_DEVICE_FENCE_SCOPE_DEVICE_THREAD_2_FENCE_ACQ,SAT,SAT,not seen,not seen,not seen
wwc_TB_1_02_SCOPE_DEVICE_FENCE_SCOPE_DEVICE_THREAD_2_FENCE_REL,UNSAT,UNSAT,not seen,not seen,not seen
wwc_TB_1_02_SCOPE_DEVICE_NO_FENCE_ACQ_ACQ,SAT,SAT,not seen,not seen,not seen
wwc_TB_1_02_SCOPE_DEVICE_NO_FENCE_ACQ_REL,SAT,SAT,not seen,not seen,not seen
wwc_TB_1_02_SCOPE_DEVICE_NO_FENCE_RELAXED,SAT,SAT,seen,seen,seen
wwc_TB_1_02_SCOPE_DEVICE_NO_FENCE_REL_ACQ,UNSAT,UNSAT,not seen,not seen,not seen
wwc_TB_1_02_SCOPE_DEVICE_NO_FENCE_REL_REL,SAT,SAT,not seen,not seen,not seen
z6_3_TB_012_SCOPE_BLOCK_FENCE_SCOPE_BLOCK_ALL_FENCE,SAT,SAT,not seen,not seen,not seen
z6_3_TB_012_SCOPE_BLOCK_FENCE_SCOPE_BLOCK_FENCE_0,SAT,SAT,not seen,not seen,not seen
z6_3_TB_012_SCOPE_BLOCK_FENCE_SCOPE_BLOCK_FENCE_01,SAT,SAT,not seen,not seen,not seen
z6_3_TB_012_SCOPE_BLOCK_FENCE_SCOPE_BLOCK_FENCE_02,SAT,SAT,not seen,not seen,not seen
z6_3_TB_012_SCOPE_BLOCK_FENCE_SCOPE_BLOCK_FENCE_1,SAT,SAT,not seen,not seen,not seen
z6_3_TB_012_SCOPE_BLOCK_FENCE_SCOPE_BLOCK_FENCE_12,SAT,SAT,not seen,not seen,not seen
z6_3_TB_012_SCOPE_BLOCK_FENCE_SCOPE_BLOCK_FENCE_2,SAT,SAT,not seen,not seen,not seen
z6_3_TB_012_SCOPE_BLOCK_FENCE_SCOPE_DEVICE_ALL_FENCE,SAT,SAT,not seen,not seen,not seen
z6_3_TB_012_SCOPE_BLOCK_FENCE_SCOPE_DEVICE_FENCE_0,SAT,SAT,not seen,not seen,not seen
z6_3_TB_012_SCOPE_BLOCK_FENCE_SCOPE_DEVICE_FENCE_01,SAT,SAT,not seen,not seen,not seen
z6_3_TB_012_SCOPE_BLOCK_FENCE_SCOPE_DEVICE_FENCE_02,SAT,SAT,not seen,not seen,not seen
z6_3_TB_012_SCOPE_BLOCK_FENCE_SCOPE_DEVICE_FENCE_1,SAT,SAT,not seen,not seen,not seen
z6_3_TB_012_SCOPE_BLOCK_FENCE_SCOPE_DEVICE_FENCE_12,SAT,SAT,not seen,not seen,not seen
z6_3_TB_012_SCOPE_BLOCK_FENCE_SCOPE_DEVICE_FENCE_2,SAT,SAT,not seen,not seen,not seen
z6_3_TB_012_SCOPE_BLOCK_NO_FENCE_ACQ_REL,SAT,SAT,not seen,not seen,not seen
z6_3_TB_012_SCOPE_BLOCK_NO_FENCE_RELAXED,SAT,SAT,not seen,not seen,not seen
z6_3_TB_012_SCOPE_DEVICE_FENCE_SCOPE_BLOCK_ALL_FENCE,SAT,SAT,not seen,not seen,not seen
z6_3_TB_012_SCOPE_DEVICE_FENCE_SCOPE_BLOCK_FENCE_0,SAT,SAT,not seen,not seen,not seen
z6_3_TB_012_SCOPE_DEVICE_FENCE_SCOPE_BLOCK_FENCE_01,SAT,SAT,not seen,not seen,not seen
z6_3_TB_012_SCOPE_DEVICE_FENCE_SCOPE_BLOCK_FENCE_02,SAT,SAT,not seen,not seen,not seen
z6_3_TB_012_SCOPE_DEVICE_FENCE_SCOPE_BLOCK_FENCE_1,SAT,SAT,not seen,not seen,not seen
z6_3_TB_012_SCOPE_DEVICE_FENCE_SCOPE_BLOCK_FENCE_12,SAT,SAT,not seen,not seen,not seen
z6_3_TB_012_SCOPE_DEVICE_FENCE_SCOPE_BLOCK_FENCE_2,SAT,SAT,not seen,not seen,not seen
z6_3_TB_012_SCOPE_DEVICE_FENCE_SCOPE_DEVICE_ALL_FENCE,SAT,SAT,not seen,not seen,not seen
z6_3_TB_012_SCOPE_DEVICE_FENCE_SCOPE_DEVICE_FENCE_0,SAT,SAT,not seen,not seen,not seen
z6_3_TB_012_SCOPE_DEVICE_FENCE_SCOPE_DEVICE_FENCE_01,SAT,SAT,not seen,not seen,not seen
z6_3_TB_012_SCOPE_DEVICE_FENCE_SCOPE_DEVICE_FENCE_02,SAT,SAT,not seen,not seen,not seen
z6_3_TB_012_SCOPE_DEVICE_FENCE_SCOPE_DEVICE_FENCE_1,SAT,SAT,not seen,not seen,not seen
z6_3_TB_012_SCOPE_DEVICE_FENCE_SCOPE_DEVICE_FENCE_12,SAT,SAT,not seen,not seen,not seen
z6_3_TB_012_SCOPE_DEVICE_FENCE_SCOPE_DEVICE_FENCE_2,SAT,SAT,not seen,not seen,not seen
z6_3_TB_012_SCOPE_DEVICE_NO_FENCE_ACQ_REL,SAT,SAT,not seen,not seen,not seen
z6_3_TB_012_SCOPE_DEVICE_NO_FENCE_RELAXED,SAT,SAT,not seen,not seen,not seen
z6_3_TB_01_2_SCOPE_BLOCK_FENCE_SCOPE_BLOCK_ALL_FENCE,SAT,SAT,seen,seen,seen
z6_3_TB_01_2_SCOPE_BLOCK_FENCE_SCOPE_BLOCK_FENCE_0,SAT,SAT,seen,seen,seen
z6_3_TB_01_2_SCOPE_BLOCK_FENCE_SCOPE_BLOCK_FENCE_01,SAT,SAT,seen,seen,seen
z6_3_TB_01_2_SCOPE_BLOCK_FENCE_SCOPE_BLOCK_FENCE_02,SAT,SAT,seen,seen,seen
z6_3_TB_01_2_SCOPE_BLOCK_FENCE_SCOPE_BLOCK_FENCE_1,SAT,SAT,seen,seen,seen
z6_3_TB_01_2_SCOPE_BLOCK_FENCE_SCOPE_BLOCK_FENCE_12,SAT,SAT,seen,seen,seen
z6_3_TB_01_2_SCOPE_BLOCK_FENCE_SCOPE_BLOCK_FENCE_2,SAT,SAT,seen,seen,seen
z6_3_TB_01_2_SCOPE_BLOCK_FENCE_SCOPE_DEVICE_ALL_FENCE,SAT,SAT,not seen,not seen,not seen
z6_3_TB_01_2_SCOPE_BLOCK_FENCE_SCOPE_DEVICE_FENCE_0,SAT,SAT,seen,seen,not seen
z6_3_TB_01_2_SCOPE_BLOCK_FENCE_SCOPE_DEVICE_FENCE_01,SAT,SAT,not seen,not seen,not seen
z6_3_TB_01_2_SCOPE_BLOCK_FENCE_SCOPE_DEVICE_FENCE_02,SAT,SAT,not seen,not seen,not seen
z6_3_TB_01_2_SCOPE_BLOCK_FENCE_SCOPE_DEVICE_FENCE_1,SAT,SAT,seen,not seen,not seen
z6_3_TB_01_2_SCOPE_BLOCK_FENCE_SCOPE_DEVICE_FENCE_12,SAT,SAT,not seen,not seen,not seen
z6_3_TB_01_2_SCOPE_BLOCK_FENCE_SCOPE_DEVICE_FENCE_2,SAT,SAT,seen,seen,seen
z6_3_TB_01_2_SCOPE_BLOCK_NO_FENCE_ACQ_REL,SAT,SAT,seen,seen,seen
z6_3_TB_01_2_SCOPE_BLOCK_NO_FENCE_RELAXED,SAT,SAT,seen,seen,seen
z6_3_TB_01_2_SCOPE_DEVICE_FENCE_SCOPE_BLOCK_ALL_FENCE,SAT,SAT,seen,seen,seen
z6_3_TB_01_2_SCOPE_DEVICE_FENCE_SCOPE_BLOCK_FENCE_0,SAT,SAT,not seen,not seen,not seen
z6_3_TB_01_2_SCOPE_DEVICE_FENCE_SCOPE_BLOCK_FENCE_01,SAT,SAT,seen,seen,seen
z6_3_TB_01_2_SCOPE_DEVICE_FENCE_SCOPE_BLOCK_FENCE_02,SAT,SAT,seen,seen,not seen
z6_3_TB_01_2_SCOPE_DEVICE_FENCE_SCOPE_BLOCK_FENCE_1,SAT,SAT,not seen,not seen,not seen
z6_3_TB_01_2_SCOPE_DEVICE_FENCE_SCOPE_BLOCK_FENCE_12,SAT,SAT,seen,seen,not seen
z6_3_TB_01_2_SCOPE_DEVICE_FENCE_SCOPE_BLOCK_FENCE_2,SAT,SAT,seen,seen,not seen
z6_3_TB_01_2_SCOPE_DEVICE_FENCE_SCOPE_DEVICE_ALL_FENCE,SAT,SAT,not seen,not seen,not seen
z6_3_TB_01_2_SCOPE_DEVICE_FENCE_SCOPE_DEVICE_FENCE_0,SAT,SAT,not seen,not seen,not seen
z6_3_TB_01_2_SCOPE_DEVICE_FENCE_SCOPE_DEVICE_FENCE_01,SAT,SAT,not seen,not seen,not seen
z6_3_TB_01_2_SCOPE_DEVICE_FENCE_SCOPE_DEVICE_FENCE_02,SAT,SAT,not seen,not seen,not seen
z6_3_TB_01_2_SCOPE_DEVICE_FENCE_SCOPE_DEVICE_FENCE_1,SAT,SAT,not seen,not seen,not seen
z6_3_TB_01_2_SCOPE_DEVICE_FENCE_SCOPE_DEVICE_FENCE_12,SAT,SAT,not seen,not seen,not seen
z6_3_TB_01_2_SCOPE_DEVICE_FENCE_SCOPE_DEVICE_FENCE_2,SAT,SAT,not seen,not seen,not seen
z6_3_TB_01_2_SCOPE_DEVICE_NO_FENCE_ACQ_REL,SAT,SAT,not seen,not seen,not seen
z6_3_TB_01_2_SCOPE_DEVICE_NO_FENCE_RELAXED,SAT,SAT,seen,seen,seen
z6_3_TB_0_12_SCOPE_BLOCK_FENCE_SCOPE_BLOCK_ALL_FENCE,SAT,SAT,seen,seen,seen
z6_3_TB_0_12_SCOPE_BLOCK_FENCE_SCOPE_BLOCK_FENCE_0,SAT,SAT,seen,seen,seen
z6_3_TB_0_12_SCOPE_BLOCK_FENCE_SCOPE_BLOCK_FENCE_01,SAT,SAT,seen,seen,seen
z6_3_TB_0_12_SCOPE_BLOCK_FENCE_SCOPE_BLOCK_FENCE_02,SAT,SAT,seen,seen,seen
z6_3_TB_0_12_SCOPE_BLOCK_FENCE_SCOPE_BLOCK_FENCE_1,SAT,SAT,seen,seen,seen
z6_3_TB_0_12_SCOPE_BLOCK_FENCE_SCOPE_BLOCK_FENCE_12,SAT,SAT,seen,seen,seen
z6_3_TB_0_12_SCOPE_BLOCK_FENCE_SCOPE_BLOCK_FENCE_2,SAT,SAT,seen,seen,seen
z6_3_TB_0_12_SCOPE_BLOCK_FENCE_SCOPE_DEVICE_ALL_FENCE,SAT,SAT,not seen,not seen,not seen
z6_3_TB_0_12_SCOPE_BLOCK_FENCE_SCOPE_DEVICE_FENCE_0,SAT,SAT,seen,seen,seen
z6_3_TB_0_12_SCOPE_BLOCK_FENCE_SCOPE_DEVICE_FENCE_01,SAT,SAT,not seen,not seen,not seen
z6_3_TB_0_12_SCOPE_BLOCK_FENCE_SCOPE_DEVICE_FENCE_02,SAT,SAT,not seen,not seen,not seen
z6_3_TB_0_12_SCOPE_BLOCK_FENCE_SCOPE_DEVICE_FENCE_1,SAT,SAT,seen,seen,seen
z6_3_TB_0_12_SCOPE_BLOCK_FENCE_SCOPE_DEVICE_FENCE_12,SAT,SAT,seen,seen,seen
z6_3_TB_0_12_SCOPE_BLOCK_FENCE_SCOPE_DEVICE_FENCE_2,SAT,SAT,seen,seen,seen
z6_3_TB_0_12_SCOPE_BLOCK_NO_FENCE_ACQ_REL,SAT,SAT,seen,seen,seen
z6_3_TB_0_12_SCOPE_BLOCK_NO_FENCE_RELAXED,SAT,SAT,seen,seen,seen
z6_3_TB_0_12_SCOPE_DEVICE_FENCE_SCOPE_BLOCK_ALL_FENCE,SAT,SAT,seen,seen,seen
z6_3_TB_0_12_SCOPE_DEVICE_FENCE_SCOPE_BLOCK_FENCE_0,SAT,SAT,seen,seen,seen
z6_3_TB_0_12_SCOPE_DEVICE_FENCE_SCOPE_BLOCK_FENCE_01,SAT,SAT,seen,seen,seen
z6_3_TB_0_12_SCOPE_DEVICE_FENCE_SCOPE_BLOCK_FENCE_02,SAT,SAT,seen,seen,seen
z6_3_TB_0_12_SCOPE_DEVICE_FENCE_SCOPE_BLOCK_FENCE_1,SAT,SAT,seen,seen,seen
z6_3_TB_0_12_SCOPE_DEVICE_FENCE_SCOPE_BLOCK_FENCE_12,SAT,SAT,seen,seen,seen
z6_3_TB_0_12_SCOPE_DEVICE_FENCE_SCOPE_BLOCK_FENCE_2,SAT,SAT,not seen,not seen,not seen
z6_3_TB_0_12_SCOPE_DEVICE_FENCE_SCOPE_DEVICE_ALL_FENCE,SAT,SAT,not seen,not seen,not seen
z6_3_TB_0_12_SCOPE_DEVICE_FENCE_SCOPE_DEVICE_FENCE_0,SAT,SAT,not seen,not seen,not seen
z6_3_TB_0_12_SCOPE_DEVICE_FENCE_SCOPE_DEVICE_FENCE_01,SAT,SAT,not seen,not seen,not seen
z6_3_TB_0_12_SCOPE_DEVICE_FENCE_SCOPE_DEVICE_FENCE_02,SAT,SAT,not seen,not seen,not seen
z6_3_TB_0_12_SCOPE_DEVICE_FENCE_SCOPE_DEVICE_FENCE_1,SAT,SAT,not seen,not seen,not seen
z6_3_TB_0_12_SCOPE_DEVICE_FENCE_SCOPE_DEVICE_FENCE_12,SAT,SAT,not seen,not seen,not seen
z6_3_TB_0_12_SCOPE_DEVICE_FENCE_SCOPE_DEVICE_FENCE_2,SAT,SAT,not seen,not seen,not seen
z6_3_TB_0_12_SCOPE_DEVICE_NO_FENCE_ACQ_REL,SAT,SAT,not seen,not seen,not seen
z6_3_TB_0_12_SCOPE_DEVICE_NO_FENCE_RELAXED,SAT,SAT,seen,seen,seen
z6_3_TB_0_1_2_SCOPE_BLOCK_FENCE_SCOPE_BLOCK_ALL_FENCE,SAT,SAT,seen,seen,seen
z6_3_TB_0_1_2_SCOPE_BLOCK_FENCE_SCOPE_BLOCK_FENCE_0,SAT,SAT,seen,seen,seen
z6_3_TB_0_1_2_SCOPE_BLOCK_FENCE_SCOPE_BLOCK_FENCE_01,SAT,SAT,seen,seen,seen
z6_3_TB_0_1_2_SCOPE_BLOCK_FENCE_SCOPE_BLOCK_FENCE_02,SAT,SAT,seen,seen,seen
z6_3_TB_0_1_2_SCOPE_BLOCK_FENCE_SCOPE_BLOCK_FENCE_1,SAT,SAT,seen,seen,seen
z6_3_TB_0_1_2_SCOPE_BLOCK_FENCE_SCOPE_BLOCK_FENCE_12,SAT,SAT,seen,seen,seen
z6_3_TB_0_1_2_SCOPE_BLOCK_FENCE_SCOPE_BLOCK_FENCE_2,SAT,SAT,seen,seen,seen
z6_3_TB_0_1_2_SCOPE_BLOCK_FENCE_SCOPE_DEVICE_ALL_FENCE,SAT,SAT,not seen,not seen,not seen
z6_3_TB_0_1_2_SCOPE_BLOCK_FENCE_SCOPE_DEVICE_FENCE_0,SAT,SAT,seen,seen,not seen
z6_3_TB_0_1_2_SCOPE_BLOCK_FENCE_SCOPE_DEVICE_FENCE_01,SAT,SAT,not seen,not seen,not seen
z6_3_TB_0_1_2_SCOPE_BLOCK_FENCE_SCOPE_DEVICE_FENCE_02,SAT,SAT,seen,seen,not seen
z6_3_TB_0_1_2_SCOPE_BLOCK_FENCE_SCOPE_DEVICE_FENCE_1,SAT,SAT,seen,seen,seen
z6_3_TB_0_1_2_SCOPE_BLOCK_FENCE_SCOPE_DEVICE_FENCE_12,SAT,SAT,seen,seen,seen
z6_3_TB_0_1_2_SCOPE_BLOCK_FENCE_SCOPE_DEVICE_FENCE_2,SAT,SAT,seen,seen,seen
z6_3_TB_0_1_2_SCOPE_BLOCK_NO_FENCE_ACQ_REL,SAT,SAT,seen,seen,seen
z6_3_TB_0_1_2_SCOPE_BLOCK_NO_FENCE_RELAXED,SAT,SAT,seen,seen,seen
z6_3_TB_0_1_2_SCOPE_DEVICE_FENCE_SCOPE_BLOCK_ALL_FENCE,SAT,SAT,seen,seen,seen
z6_3_TB_0_1_2_SCOPE_DEVICE_FENCE_SCOPE_BLOCK_FENCE_0,SAT,SAT,seen,seen,seen
z6_3_TB_0_1_2_SCOPE_DEVICE_FENCE_SCOPE_BLOCK_FENCE_01,SAT,SAT,seen,seen,seen
z6_3_TB_0_1_2_SCOPE_DEVICE_FENCE_SCOPE_BLOCK_FENCE_02,SAT,SAT,seen,seen,seen
z6_3_TB_0_1_2_SCOPE_DEVICE_FENCE_SCOPE_BLOCK_FENCE_1,SAT,SAT,seen,seen,not seen
z6_3_TB_0_1_2_SCOPE_DEVICE_FENCE_SCOPE_BLOCK_FENCE_12,SAT,SAT,seen,seen,not seen
z6_3_TB_0_1_2_SCOPE_DEVICE_FENCE_SCOPE_BLOCK_FENCE_2,SAT,SAT,seen,seen,not seen
z6_3_TB_0_1_2_SCOPE_DEVICE_FENCE_SCOPE_DEVICE_ALL_FENCE,SAT,SAT,not seen,not seen,not seen
z6_3_TB_0_1_2_SCOPE_DEVICE_FENCE_SCOPE_DEVICE_FENCE_0,SAT,SAT,not seen,not seen,not seen
z6_3_TB_0_1_2_SCOPE_DEVICE_FENCE_SCOPE_DEVICE_FENCE_01,SAT,SAT,not seen,not seen,not seen
z6_3_TB_0_1_2_SCOPE_DEVICE_FENCE_SCOPE_DEVICE_FENCE_02,SAT,SAT,not seen,not seen,not seen
z6_3_TB_0_1_2_SCOPE_DEVICE_FENCE_SCOPE_DEVICE_FENCE_1,SAT,SAT,not seen,not seen,not seen
z6_3_TB_0_1_2_SCOPE_DEVICE_FENCE_SCOPE_DEVICE_FENCE_12,SAT,SAT,not seen,not seen,not seen
z6_3_TB_0_1_2_SCOPE_DEVICE_FENCE_SCOPE_DEVICE_FENCE_2,SAT,SAT,not seen,not seen,not seen
z6_3_TB_0_1_2_SCOPE_DEVICE_NO_FENCE_ACQ_REL,SAT,SAT,not seen,not seen,not seen
z6_3_TB_0_1_2_SCOPE_DEVICE_NO_FENCE_RELAXED,SAT,SAT,seen,seen,seen
z6_3_TB_1_02_SCOPE_BLOCK_FENCE_SCOPE_BLOCK_ALL_FENCE,SAT,SAT,seen,seen,seen
z6_3_TB_1_02_SCOPE_BLOCK_FENCE_SCOPE_BLOCK_FENCE_0,SAT,SAT,seen,seen,seen
z6_3_TB_1_02_SCOPE_BLOCK_FENCE_SCOPE_BLOCK_FENCE_01,SAT,SAT,seen,seen,seen
z6_3_TB_1_02_SCOPE_BLOCK_FENCE_SCOPE_BLOCK_FENCE_02,SAT,SAT,seen,seen,seen
z6_3_TB_1_02_SCOPE_BLOCK_FENCE_SCOPE_BLOCK_FENCE_1,SAT,SAT,seen,seen,seen
z6_3_TB_1_02_SCOPE_BLOCK_FENCE_SCOPE_BLOCK_FENCE_12,SAT,SAT,seen,seen,seen
z6_3_TB_1_02_SCOPE_BLOCK_FENCE_SCOPE_BLOCK_FENCE_2,SAT,SAT,seen,seen,seen
z6_3_TB_1_02_SCOPE_BLOCK_FENCE_SCOPE_DEVICE_ALL_FENCE,SAT,SAT,not seen,not seen,not seen
z6_3_TB_1_02_SCOPE_BLOCK_FENCE_SCOPE_DEVICE_FENCE_0,SAT,SAT,not seen,seen,not seen
z6_3_TB_1_02_SCOPE_BLOCK_FENCE_SCOPE_DEVICE_FENCE_01,SAT,SAT,not seen,not seen,not seen
z6_3_TB_1_02_SCOPE_BLOCK_FENCE_SCOPE_DEVICE_FENCE_02,SAT,SAT,not seen,seen,not seen
z6_3_TB_1_02_SCOPE_BLOCK_FENCE_SCOPE_DEVICE_FENCE_1,SAT,SAT,not seen,not seen,not seen
z6_3_TB_1_02_SCOPE_BLOCK_FENCE_SCOPE_DEVICE_FENCE_12,SAT,SAT,not seen,not seen,not seen
z6_3_TB_1_02_SCOPE_BLOCK_FENCE_SCOPE_DEVICE_FENCE_2,SAT,SAT,seen,seen,seen
z6_3_TB_1_02_SCOPE_BLOCK_NO_FENCE_ACQ_REL,SAT,SAT,seen,seen,seen
z6_3_TB_1_02_SCOPE_BLOCK_NO_FENCE_RELAXED,SAT,SAT,seen,seen,seen
z6_3_TB_1_02_SCOPE_DEVICE_FENCE_SCOPE_BLOCK_ALL_FENCE,SAT,SAT,seen,seen,seen
z6_3_TB_1_02_SCOPE_DEVICE_FENCE_SCOPE_BLOCK_FENCE_0,SAT,SAT,not seen,not seen,not seen
z6_3_TB_1_02_SCOPE_DEVICE_FENCE_SCOPE_BLOCK_FENCE_01,SAT,SAT,seen,seen,seen
z6_3_TB_1_02_SCOPE_DEVICE_FENCE_SCOPE_BLOCK_FENCE_02,SAT,SAT,seen,seen,not seen
z6_3_TB_1_02_SCOPE_DEVICE_FENCE_SCOPE_BLOCK_FENCE_1,SAT,SAT,not seen,seen,not seen
z6_3_TB_1_02_SCOPE_DEVICE_FENCE_SCOPE_BLOCK_FENCE_12,SAT,SAT,seen,seen,not seen
z6_3_TB_1_02_SCOPE_DEVICE_FENCE_SCOPE_BLOCK_FENCE_2,SAT,SAT,not seen,not seen,not seen
z6_3_TB_1_02_SCOPE_DEVICE_FENCE_SCOPE_DEVICE_ALL_FENCE,SAT,SAT,not seen,not seen,not seen
z6_3_TB_1_02_SCOPE_DEVICE_FENCE_SCOPE_DEVICE_FENCE_0,SAT,SAT,not seen,not seen,not seen
z6_3_TB_1_02_SCOPE_DEVICE_FENCE_SCOPE_DEVICE_FENCE_01,SAT,SAT,not seen,not seen,not seen
z6_3_TB_1_02_SCOPE_DEVICE_FENCE_SCOPE_DEVICE_FENCE_02,SAT,SAT,not seen,not seen,not seen
z6_3_TB_1_02_SCOPE_DEVICE_FENCE_SCOPE_DEVICE_FENCE_1,SAT,SAT,not seen,not seen,not seen
z6_3_TB_1_02_SCOPE_DEVICE_FENCE_SCOPE_DEVICE_FENCE_12,SAT,SAT,not seen,not seen,not seen
z6_3_TB_1_02_SCOPE_DEVICE_FENCE_SCOPE_DEVICE_FENCE_2,SAT,SAT,not seen,not seen,not seen
z6_3_TB_1_02_SCOPE_DEVICE_NO_FENCE_ACQ_REL,SAT,SAT,not seen,not seen,not seen
z6_3_TB_1_02_SCOPE_DEVICE_NO_FENCE_RELAXED,SAT,SAT,seen,seen,seen
paper_example2_TB_0_1_2_3_SCOPE_DEVICE_FENCE_SC_SCOPE_DEVICE,SAT,SAT,not seen,not seen,not seen
paper_example3_TB_012_3_SCOPE_BLOCK_FENCE_SC_SCOPE_BLOCK,SAT,UNSAT,not seen,not seen,not seen
paper_example3_TB_02_13_SCOPE_BLOCK_FENCE_SC_SCOPE_BLOCK,SAT,SAT,not seen,not seen,not seen
